system,LC-BLYP(w=330)/def2-QZVP/Q-Chem
S22x5/01-A,-466.4493700952
S22x5/01-B,-453.3411097203
S22x5/01-0.9,-919.8181359432
S22x5/01-1.0,-919.8190786389
S22x5/01-1.2,-919.8126436399
S22x5/01-1.5,-919.8021797199
S22x5/01-2.0,-919.7942103936
S22x5/02-A,-466.4481398016
S22x5/02-B,-453.3416888007
S22x5/02-0.9,-919.7955767971
S22x5/02-1.0,-919.8029164328
S22x5/02-1.2,-919.7983518363
S22x5/02-1.5,-919.792740884
S22x5/02-2.0,-919.7907910806
S22x5/03-A,-56.4447291396
S22x5/03-B,-56.4447291396
S22x5/03-0.9,-112.8956526243
S22x5/03-1.0,-112.8959984606
S22x5/03-1.2,-112.8938281736
S22x5/03-1.5,-112.8913440414
S22x5/03-2.0,-112.8900469397
S22x5/04-A,-76.3235362985
S22x5/04-B,-76.3235347412
S22x5/04-0.9,-152.658006383
S22x5/04-1.0,-152.6580707482
S22x5/04-1.2,-152.6552014042
S22x5/04-1.5,-152.6513716881
S22x5/04-2.0,-152.6487328747
S22x5/05-A,-40.3902724902
S22x5/05-B,-40.3902724902
S22x5/05-0.9,-80.7813228485
S22x5/05-1.0,-80.7813118229
S22x5/05-1.2,-80.7807246764
S22x5/05-1.5,-80.7805502412
S22x5/05-2.0,-80.7805442176
S22x5/06-A,-78.3766631218
S22x5/06-B,-78.3766631218
S22x5/06-0.9,-156.7550796451
S22x5/06-1.0,-156.7557878941
S22x5/06-1.2,-156.7542493936
S22x5/06-1.5,-156.7534253686
S22x5/06-2.0,-156.753330568
S22x5/07-A,-78.3766266957
S22x5/07-B,-77.1388845614
S22x5/07-0.9,-155.5177636874
S22x5/07-1.0,-155.517993351
S22x5/07-1.2,-155.517115417
S22x5/07-1.5,-155.5161514426
S22x5/07-2.0,-155.5156985406
S22x5/08-A,-189.4921603241
S22x5/08-B,-189.4921603241
S22x5/08-0.9,-379.0197319597
S22x5/08-1.0,-379.0212892244
S22x5/08-1.2,-379.0136293379
S22x5/08-1.5,-379.0008028372
S22x5/08-2.0,-378.9904335383
S22x5/09-A,-169.6160941073
S22x5/09-B,-169.6160941073
S22x5/09-0.9,-339.2607678737
S22x5/09-1.0,-339.2620850357
S22x5/09-1.2,-339.2560600985
S22x5/09-1.5,-339.2460467299
S22x5/09-2.0,-339.2379958382
S22x5/10-A,-231.68368298
S22x5/10-B,-76.3233960934
S22x5/10-0.9,-308.0129418314
S22x5/10-1.0,-308.0129639937
S22x5/10-1.2,-308.0111698602
S22x5/10-1.5,-308.0090637595
S22x5/10-2.0,-308.0077911353
S22x5/11-A,-231.6837294586
S22x5/11-B,-56.4445385064
S22x5/11-0.9,-288.1314816933
S22x5/11-1.0,-288.1318097948
S22x5/11-1.2,-288.1306475328
S22x5/11-1.5,-288.1292825863
S22x5/11-2.0,-288.1285834933
S22x5/12-A,-231.683757324
S22x5/12-B,-40.3902214759
S22x5/12-0.9,-272.0751681084
S22x5/12-1.0,-272.0757630982
S22x5/12-1.2,-272.0751738329
S22x5/12-1.5,-272.0743196969
S22x5/12-2.0,-272.0740283044
S22x5/13-A,-231.6837406906
S22x5/13-B,-231.6837224899
S22x5/13-0.9,-463.369166145
S22x5/13-1.0,-463.3702198886
S22x5/13-1.2,-463.3696802843
S22x5/13-1.5,-463.3683575729
S22x5/13-2.0,-463.3676880311
S22x5/14-A,-231.6837391605
S22x5/14-B,-231.6837391605
S22x5/14-0.9,-463.3626603367
S22x5/14-1.0,-463.3681436161
S22x5/14-1.2,-463.368124788
S22x5/14-1.5,-463.3673240306
S22x5/14-2.0,-463.3673522182
S22x5/15-A,-231.6835962394
S22x5/15-B,-363.0015336255
S22x5/15-0.9,-594.6907026881
S22x5/15-1.0,-594.6920988183
S22x5/15-1.2,-594.691000742
S22x5/15-1.5,-594.6882977838
S22x5/15-2.0,-594.6863601156
S22x5/16-A,-231.6836860187
S22x5/16-B,-363.0015365834
S22x5/16-0.9,-594.6809988621
S22x5/16-1.0,-594.6871228758
S22x5/16-1.2,-594.6868193125
S22x5/16-1.5,-594.6850800822
S22x5/16-2.0,-594.6849838806
S22x5/17-A,-263.7686986269
S22x5/17-B,-263.7686890804
S22x5/17-0.9,-527.5357005049
S22x5/17-1.0,-527.5409282028
S22x5/17-1.2,-527.5398912073
S22x5/17-1.5,-527.5379871139
S22x5/17-2.0,-527.5375288618
S22x5/18-A,-322.8879047483
S22x5/18-B,-303.0096338686
S22x5/18-0.9,-625.925772321
S22x5/18-1.0,-625.927104712
S22x5/18-1.2,-625.9210325798
S22x5/18-1.5,-625.9107096463
S22x5/18-2.0,-625.9024894532
S22x5/19-A,-306.8287320405
S22x5/19-B,-306.8286013486
S22x5/19-0.9,-613.6688480761
S22x5/19-1.0,-613.6689843417
S22x5/19-1.2,-613.666359976
S22x5/19-1.5,-613.6621888341
S22x5/19-2.0,-613.6591806811
S22x5/20-A,-414.1238444149
S22x5/20-B,-414.1238444149
S22x5/20-0.9,-828.2554743542
S22x5/20-1.0,-828.2602141007
S22x5/20-1.2,-828.254980287
S22x5/20-1.5,-828.250275172
S22x5/20-2.0,-828.2485589259
S22x5/21-A,-414.1234258776
S22x5/21-B,-414.1234258777
S22x5/21-0.9,-828.2817317726
S22x5/21-1.0,-828.2832506891
S22x5/21-1.2,-828.2759553628
S22x5/21-1.5,-828.2638444659
S22x5/21-2.0,-828.2538970598
S22x5/22-A,-231.6836436493
S22x5/22-B,-93.2390492591
S22x5/22-0.9,-324.9295892998
S22x5/22-1.0,-324.9300693169
S22x5/22-1.2,-324.9283501575
S22x5/22-1.5,-324.9256932062
S22x5/22-2.0,-324.9238964931
S66x8/01-A,-76.3234832204
S66x8/01-B,-76.3235070192
S66x8/01-090,-152.6581847176
S66x8/01-095,-152.6581335317
S66x8/01-100,-152.6576712335
S66x8/01-105,-152.6569793155
S66x8/01-110,-152.6561805839
S66x8/01-125,-152.6537873745
S66x8/01-150,-152.6509316222
S66x8/01-200,-152.6485563862
S66x8/02-A,-76.3234982727
S66x8/02-B,-115.5157626541
S66x8/02-090,-191.8514295634
S66x8/02-095,-191.8514231798
S66x8/02-100,-191.8509491887
S66x8/02-105,-191.8502111505
S66x8/02-110,-191.849343502
S66x8/02-125,-191.8466940197
S66x8/02-150,-191.8434904388
S66x8/02-200,-191.8408479642
S66x8/03-A,-76.3235229282
S66x8/03-B,-95.6415120769
S66x8/03-090,-171.9792163683
S66x8/03-095,-171.9793122373
S66x8/03-100,-171.9788672079
S66x8/03-105,-171.9781017821
S66x8/03-110,-171.977166756
S66x8/03-125,-171.974173605
S66x8/03-150,-171.9703279359
S66x8/03-200,-171.966934204
S66x8/04-A,-76.3235204217
S66x8/04-B,-248.0441591179
S66x8/04-090,-324.3842988781
S66x8/04-095,-324.384339857
S66x8/04-100,-324.383818362
S66x8/04-105,-324.3829649109
S66x8/04-110,-324.3819306645
S66x8/04-125,-324.3786224566
S66x8/04-150,-324.3742957033
S66x8/04-200,-324.3699920628
S66x8/05-A,-115.5157889693
S66x8/05-B,-115.5157977211
S66x8/05-090,-231.0435317608
S66x8/05-095,-231.0436487504
S66x8/05-100,-231.043262274
S66x8/05-105,-231.0425858581
S66x8/05-110,-231.0417595771
S66x8/05-125,-231.0391534744
S66x8/05-150,-231.0359143404
S66x8/05-200,-231.033193615
S66x8/06-A,-115.5156513778
S66x8/06-B,-95.6415423744
S66x8/06-090,-211.1716633202
S66x8/06-095,-211.1719828326
S66x8/06-100,-211.1716603777
S66x8/06-105,-211.1709492493
S66x8/06-110,-211.1700254172
S66x8/06-125,-211.1669431022
S66x8/06-150,-211.1628659362
S66x8/06-200,-211.1592429742
S66x8/07-A,-115.5157361994
S66x8/07-B,-248.0440595109
S66x8/07-090,-363.5759062029
S66x8/07-095,-363.5761360404
S66x8/07-100,-363.5757475742
S66x8/07-105,-363.5749864679
S66x8/07-110,-363.5740099758
S66x8/07-125,-363.5707564589
S66x8/07-150,-363.5658610913
S66x8/07-200,-363.5614659461
S66x8/08-A,-115.5157864782
S66x8/08-B,-76.3235156323
S66x8/08-090,-191.8502626738
S66x8/08-095,-191.8503170341
S66x8/08-100,-191.8499278723
S66x8/08-105,-191.8492860066
S66x8/08-110,-191.8485186116
S66x8/08-125,-191.8461542057
S66x8/08-150,-191.8432691607
S66x8/08-200,-191.8408491017
S66x8/09-A,-95.6414784214
S66x8/09-B,-115.51579054
S66x8/09-090,-211.1634673571
S66x8/09-095,-211.1634495113
S66x8/09-100,-211.1631286922
S66x8/09-105,-211.1626558717
S66x8/09-110,-211.1621233124
S66x8/09-125,-211.1606084179
S66x8/09-150,-211.1590159003
S66x8/09-200,-211.1579287871
S66x8/10-A,-95.6415639942
S66x8/10-B,-95.641499114
S66x8/10-090,-191.2908980704
S66x8/10-095,-191.2911217943
S66x8/10-100,-191.2908637639
S66x8/10-105,-191.29033581
S66x8/10-110,-191.2896803043
S66x8/10-125,-191.2876615765
S66x8/10-150,-191.2849827666
S66x8/10-200,-191.283596667
S66x8/11-A,-95.6414046313
S66x8/11-B,-248.0442035511
S66x8/11-090,-343.6952571173
S66x8/11-095,-343.6955184191
S66x8/11-100,-343.6952698228
S66x8/11-105,-343.6947218269
S66x8/11-110,-343.6940161765
S66x8/11-125,-343.690646511
S66x8/11-150,-343.6876430145
S66x8/11-200,-343.6863350582
S66x8/12-A,-95.6415048257
S66x8/12-B,-76.3234137071
S66x8/12-090,-171.9798696359
S66x8/12-095,-171.9800414518
S66x8/12-100,-171.9796071167
S66x8/12-105,-171.9788123903
S66x8/12-110,-171.9778267104
S66x8/12-125,-171.9746421982
S66x8/12-150,-171.9705379358
S66x8/12-200,-171.9669761808
S66x8/13-A,-248.0442374798
S66x8/13-B,-115.5158091119
S66x8/13-090,-363.571355963
S66x8/13-095,-363.5716420497
S66x8/13-100,-363.5714049274
S66x8/13-105,-363.5708532383
S66x8/13-110,-363.5701319714
S66x8/13-125,-363.5677530574
S66x8/13-150,-363.5646941797
S66x8/13-200,-363.5620310066
S66x8/14-A,-248.0440928098
S66x8/14-B,-95.6415046745
S66x8/14-090,-343.6981367862
S66x8/14-095,-343.6986653386
S66x8/14-100,-343.6985647355
S66x8/14-105,-343.6980710553
S66x8/14-110,-343.6973469034
S66x8/14-125,-343.6947401128
S66x8/14-150,-343.69114291
S66x8/14-200,-343.6878361536
S66x8/15-A,-248.044103258
S66x8/15-B,-248.0441334884
S66x8/15-090,-496.1025646772
S66x8/15-095,-496.1030202492
S66x8/15-100,-496.1028552833
S66x8/15-105,-496.102295374
S66x8/15-110,-496.1015064635
S66x8/15-125,-496.0987378193
S66x8/15-150,-496.0948668541
S66x8/15-200,-496.0908088571
S66x8/16-A,-248.0442343292
S66x8/16-B,-76.3235170739
S66x8/16-090,-324.3778619238
S66x8/16-095,-324.3780435846
S66x8/16-100,-324.3777813477
S66x8/16-105,-324.3772592757
S66x8/16-110,-324.3766068526
S66x8/16-125,-324.3745193672
S66x8/16-150,-324.3718997504
S66x8/16-200,-324.369619617
S66x8/17-A,-414.1235698515
S66x8/17-B,-414.1237117541
S66x8/17-090,-828.2774449813
S66x8/17-095,-828.278624452
S66x8/17-100,-828.2783918997
S66x8/17-105,-828.277272516
S66x8/17-110,-828.2756263667
S66x8/17-125,-828.2695679768
S66x8/17-150,-828.2608371342
S66x8/17-200,-828.252408587
S66x8/18-A,-76.3235072293
S66x8/18-B,-247.7283525287
S66x8/18-090,-324.0657648642
S66x8/18-095,-324.0658862366
S66x8/18-100,-324.0654612102
S66x8/18-105,-324.0647108153
S66x8/18-110,-324.0637863016
S66x8/18-125,-324.0608305134
S66x8/18-150,-324.057053814
S66x8/18-200,-324.0537590309
S66x8/19-A,-115.5156383835
S66x8/19-B,-247.7283506464
S66x8/19-090,-363.2580034794
S66x8/19-095,-363.2583655011
S66x8/19-100,-363.2580998831
S66x8/19-105,-363.2574511647
S66x8/19-110,-363.2562632717
S66x8/19-125,-363.2536440809
S66x8/19-150,-363.2493243096
S66x8/19-200,-363.245746011
S66x8/20-A,-228.7173937857
S66x8/20-B,-228.7173976871
S66x8/20-090,-457.4717143067
S66x8/20-095,-457.4728189875
S66x8/20-100,-457.4723366849
S66x8/20-105,-457.4708359738
S66x8/20-110,-457.4687509181
S66x8/20-125,-457.4613180281
S66x8/20-150,-457.4508452168
S66x8/20-200,-457.4406871078
S66x8/21-A,-208.8385973368
S66x8/21-B,-208.8386010702
S66x8/21-090,-417.7066215434
S66x8/21-095,-417.7075954621
S66x8/21-100,-417.7072641612
S66x8/21-105,-417.7061279436
S66x8/21-110,-417.704508364
S66x8/21-125,-417.6987154406
S66x8/21-150,-417.6905513936
S66x8/21-200,-417.6820371269
S66x8/22-A,-228.7173054234
S66x8/22-B,-414.1234669819
S66x8/22-090,-642.876458568
S66x8/22-095,-642.8776482452
S66x8/22-100,-642.8773257875
S66x8/22-105,-642.8760332417
S66x8/22-110,-642.874171738
S66x8/22-125,-642.8673587807
S66x8/22-150,-642.8574145972
S66x8/22-200,-642.8474430289
S66x8/23-A,-208.8384933964
S66x8/23-B,-414.1233389993
S66x8/23-090,-622.9956577392
S66x8/23-095,-622.9968542342
S66x8/23-100,-622.9966811948
S66x8/23-105,-622.9956166478
S66x8/23-110,-622.9940080838
S66x8/23-125,-622.9879459505
S66x8/23-150,-622.9788312964
S66x8/23-200,-622.9693216767
S66x8/24-A,-231.6838292419
S66x8/24-B,-231.6837696231
S66x8/24-090,-463.3629983259
S66x8/24-095,-463.366416926
S66x8/24-100,-463.3681488796
S66x8/24-105,-463.3686877282
S66x8/24-110,-463.3685696633
S66x8/24-125,-463.3679120492
S66x8/24-150,-463.3673138745
S66x8/24-200,-463.3673734184
S66x8/25-A,-247.7282630626
S66x8/25-B,-247.7283087855
S66x8/25-090,-495.4543399623
S66x8/25-095,-495.4575711442
S66x8/25-100,-495.4590660199
S66x8/25-105,-495.4595670385
S66x8/25-110,-495.4594189951
S66x8/25-125,-495.458265418
S66x8/25-150,-495.4570952699
S66x8/25-200,-495.4567406416
S66x8/26-A,-414.1238447356
S66x8/26-B,-414.1238447355
S66x8/26-090,-828.2572170348
S66x8/26-095,-828.2597026787
S66x8/26-100,-828.2602146619
S66x8/26-105,-828.2595883351
S66x8/26-110,-828.2584252442
S66x8/26-125,-828.2547292532
S66x8/26-150,-828.2509746755
S66x8/26-200,-828.2488373808
S66x8/27-A,-231.6838246946
S66x8/27-B,-247.728328117
S66x8/27-090,-479.4086635845
S66x8/27-095,-479.4121212991
S66x8/27-100,-479.4137895473
S66x8/27-105,-479.4143195666
S66x8/27-110,-479.4141286122
S66x8/27-125,-479.4131717202
S66x8/27-150,-479.4122426211
S66x8/27-200,-479.4120839767
S66x8/28-A,-231.6835805916
S66x8/28-B,-414.1243829082
S66x8/28-090,-645.8093779441
S66x8/28-095,-645.812136168
S66x8/28-100,-645.8132252632
S66x8/28-105,-645.8133635266
S66x8/28-110,-645.8128676592
S66x8/28-125,-645.8106678712
S66x8/28-150,-645.8087249332
S66x8/28-200,-645.8080362506
S66x8/29-A,-247.7282295631
S66x8/29-B,-414.1243519773
S66x8/29-090,-661.8546576547
S66x8/29-095,-661.8586111605
S66x8/29-100,-661.8598091125
S66x8/29-105,-661.8597875111
S66x8/29-110,-661.859093692
S66x8/29-125,-661.8563975078
S66x8/29-150,-661.8541326627
S66x8/29-200,-661.8530591747
S66x8/30-A,-231.6837986149
S66x8/30-B,-78.3766802042
S66x8/30-090,-310.0590139909
S66x8/30-095,-310.0604102217
S66x8/30-100,-310.0610527137
S66x8/30-105,-310.0611548446
S66x8/30-110,-310.0609654164
S66x8/30-125,-310.060494829
S66x8/30-150,-310.0601713936
S66x8/30-200,-310.0603126794
S66x8/31-A,-414.1244560714
S66x8/31-B,-78.3766755389
S66x8/31-090,-492.5038882576
S66x8/31-095,-492.5048719302
S66x8/31-100,-492.5050829053
S66x8/31-105,-492.5048521653
S66x8/31-110,-492.5044108207
S66x8/31-125,-492.5030782429
S66x8/31-150,-492.501835197
S66x8/31-200,-492.5012573081
S66x8/32-A,-414.124500226
S66x8/32-B,-77.1385016541
S66x8/32-090,-491.2663814388
S66x8/32-095,-491.2675063659
S66x8/32-100,-491.2677320851
S66x8/32-105,-491.2674539281
S66x8/32-110,-491.2669471566
S66x8/32-125,-491.2653624989
S66x8/32-150,-491.2637950569
S66x8/32-200,-491.2629913818
S66x8/33-A,-247.7283549056
S66x8/33-B,-78.376637734
S66x8/33-090,-326.1048674752
S66x8/33-095,-326.1060428768
S66x8/33-100,-326.1064868506
S66x8/33-105,-326.1065135363
S66x8/33-110,-326.1063139541
S66x8/33-125,-326.1056073659
S66x8/33-150,-326.1050341943
S66x8/33-200,-326.104986658
S66x8/34-A,-197.235008651
S66x8/34-B,-197.2349059519
S66x8/34-090,-394.4739428821
S66x8/34-095,-394.4747741712
S66x8/34-100,-394.4747485552
S66x8/34-105,-394.4743166788
S66x8/34-110,-394.4737329591
S66x8/34-125,-394.4720737664
S66x8/34-150,-394.47072314
S66x8/34-200,-394.4703406201
S66x8/35-A,-197.2349679885
S66x8/35-B,-197.2405373572
S66x8/35-090,-394.4778373292
S66x8/35-095,-394.478559387
S66x8/35-100,-394.4785748641
S66x8/35-105,-394.4782776542
S66x8/35-110,-394.4778710189
S66x8/35-125,-394.4767611158
S66x8/35-150,-394.4759229515
S66x8/35-200,-394.4757028557
S66x8/36-A,-197.2405909847
S66x8/36-B,-197.2406252104
S66x8/36-090,-394.4825943813
S66x8/36-095,-394.4829033781
S66x8/36-100,-394.4828890396
S66x8/36-105,-394.482723866
S66x8/36-110,-394.4824998552
S66x8/36-125,-394.4818674959
S66x8/36-150,-394.4813727685
S66x8/36-200,-394.481247305
S66x8/37-A,-196.0444523093
S66x8/37-B,-197.240604054
S66x8/37-090,-393.2868267048
S66x8/37-095,-393.2875978768
S66x8/37-100,-393.2876847995
S66x8/37-105,-393.2874638177
S66x8/37-110,-393.2871309618
S66x8/37-125,-393.2861554669
S66x8/37-150,-393.2853406494
S66x8/37-200,-393.2850840792
S66x8/38-A,-196.0443995723
S66x8/38-B,-196.0445024262
S66x8/38-090,-392.0915207036
S66x8/38-095,-392.0922307905
S66x8/38-100,-392.0922716319
S66x8/38-105,-392.0919286968
S66x8/38-110,-392.0914518534
S66x8/38-125,-392.0901332501
S66x8/38-150,-392.0891252672
S66x8/38-200,-392.0888536206
S66x8/39-A,-231.6837770818
S66x8/39-B,-196.0443725928
S66x8/39-090,-427.7290233003
S66x8/39-095,-427.7307960979
S66x8/39-100,-427.731396219
S66x8/39-105,-427.7313237585
S66x8/39-110,-427.7309431057
S66x8/39-125,-427.7296559006
S66x8/39-150,-427.7285051072
S66x8/39-200,-427.7281413567
S66x8/40-A,-231.6837551334
S66x8/40-B,-197.2406781491
S66x8/40-090,-428.925170088
S66x8/40-095,-428.9264999085
S66x8/40-100,-428.9269530636
S66x8/40-105,-428.9268864983
S66x8/40-110,-428.9266039261
S66x8/40-125,-428.9256303756
S66x8/40-150,-428.9247380142
S66x8/40-200,-428.924452113
S66x8/41-A,-414.1244154777
S66x8/41-B,-197.2351741657
S66x8/41-090,-611.3636449426
S66x8/41-095,-611.3648594093
S66x8/41-100,-611.3649905279
S66x8/41-105,-611.3645108597
S66x8/41-110,-611.3636359474
S66x8/41-125,-611.361449508
S66x8/41-150,-611.3599723785
S66x8/41-200,-611.3596167603
S66x8/42-A,-414.1244468948
S66x8/42-B,-196.044355206
S66x8/42-090,-610.1714996229
S66x8/42-095,-610.1728366871
S66x8/42-100,-610.1730384286
S66x8/42-105,-610.1726886845
S66x8/42-110,-610.1721277794
S66x8/42-125,-610.1704957106
S66x8/42-150,-610.1691823869
S66x8/42-200,-610.1688014603
S66x8/43-A,-414.1244949872
S66x8/43-B,-197.2404100876
S66x8/43-090,-611.3678840841
S66x8/43-095,-611.368946549
S66x8/43-100,-611.3690421156
S66x8/43-105,-611.3686661893
S66x8/43-110,-611.3681411537
S66x8/43-125,-611.3666723943
S66x8/43-150,-611.3654604809
S66x8/43-200,-611.365029508
S66x8/44-A,-78.3766796758
S66x8/44-B,-197.2350801414
S66x8/44-090,-275.6143563797
S66x8/44-095,-275.6145938291
S66x8/44-100,-275.6144274122
S66x8/44-105,-275.6140866643
S66x8/44-110,-275.6137017905
S66x8/44-125,-275.6127434145
S66x8/44-150,-275.6120412299
S66x8/44-200,-275.6118550683
S66x8/45-A,-77.1385036249
S66x8/45-B,-197.2350385722
S66x8/45-090,-274.374836442
S66x8/45-095,-274.3754229936
S66x8/45-100,-274.3754864663
S66x8/45-105,-274.3753147069
S66x8/45-110,-274.3750341819
S66x8/45-125,-274.3742296494
S66x8/45-150,-274.373613053
S66x8/45-200,-274.3733772905
S66x8/46-A,-248.0442462593
S66x8/46-B,-197.2350100165
S66x8/46-090,-445.2845751314
S66x8/46-095,-445.2850024699
S66x8/46-100,-445.2848382049
S66x8/46-105,-445.2843495791
S66x8/46-110,-445.2837237969
S66x8/46-125,-445.2819342
S66x8/46-150,-445.2801100118
S66x8/46-200,-445.2794784062
S66x8/47-A,-231.6837256088
S66x8/47-B,-231.6835381894
S66x8/47-090,-463.3683078623
S66x8/47-095,-463.3698463918
S66x8/47-100,-463.3703697556
S66x8/47-105,-463.3703661819
S66x8/47-110,-463.3700948344
S66x8/47-125,-463.3690381522
S66x8/47-150,-463.3680162486
S66x8/47-200,-463.3675915488
S66x8/48-A,-247.7282656203
S66x8/48-B,-247.728193757
S66x8/48-090,-495.4594338502
S66x8/48-095,-495.4606069319
S66x8/48-100,-495.4609311354
S66x8/48-105,-495.4607944541
S66x8/48-110,-495.4604169519
S66x8/48-125,-495.4590799741
S66x8/48-150,-495.4576709021
S66x8/48-200,-495.4569218538
S66x8/49-A,-231.6837269767
S66x8/49-B,-247.7282670898
S66x8/49-090,-479.4136619869
S66x8/49-095,-479.4152142301
S66x8/49-100,-479.4157072839
S66x8/49-105,-479.4156608642
S66x8/49-110,-479.4153380274
S66x8/49-125,-479.4141080072
S66x8/49-150,-479.4128743459
S66x8/49-200,-479.4122519843
S66x8/50-A,-231.6837019796
S66x8/50-B,-77.1386143268
S66x8/50-090,-308.8248945208
S66x8/50-095,-308.8259454933
S66x8/50-100,-308.8261364848
S66x8/50-105,-308.8259465968
S66x8/50-110,-308.8255615513
S66x8/50-125,-308.8242698186
S66x8/50-150,-308.823003993
S66x8/50-200,-308.8223135793
S66x8/51-A,-77.1385215501
S66x8/51-B,-77.1386261048
S66x8/51-090,-154.2794970722
S66x8/51-095,-154.2797356076
S66x8/51-100,-154.2796766415
S66x8/51-105,-154.2794676312
S66x8/51-110,-154.2791974448
S66x8/51-125,-154.2784094717
S66x8/51-150,-154.277651081
S66x8/51-200,-154.2772136481
S66x8/52-A,-231.6836988849
S66x8/52-B,-228.7189130431
S66x8/52-090,-460.4088824364
S66x8/52-095,-460.4095848057
S66x8/52-100,-460.4095902615
S66x8/52-105,-460.4092129346
S66x8/52-110,-460.4086404223
S66x8/52-125,-460.4067335306
S66x8/52-150,-460.4046139237
S66x8/52-200,-460.4031696217
S66x8/53-A,-231.683706538
S66x8/53-B,-208.8393093331
S66x8/53-090,-440.5290480664
S66x8/53-095,-440.5295776115
S66x8/53-100,-440.5295448798
S66x8/53-105,-440.5291931145
S66x8/53-110,-440.5286800395
S66x8/53-125,-440.5269614482
S66x8/53-150,-440.524944834
S66x8/53-200,-440.5234486616
S66x8/54-A,-231.6836775377
S66x8/54-B,-76.3233886049
S66x8/54-090,-308.0127349149
S66x8/54-095,-308.0131166532
S66x8/54-100,-308.0129683384
S66x8/54-105,-308.0125413259
S66x8/54-110,-308.0120027748
S66x8/54-125,-308.0104404768
S66x8/54-150,-308.008811194
S66x8/54-200,-308.0076791881
S66x8/55-A,-231.6836384237
S66x8/55-B,-115.5158131434
S66x8/55-090,-347.205049454
S66x8/55-095,-347.2057522607
S66x8/55-100,-347.2057902229
S66x8/55-105,-347.2054717581
S66x8/55-110,-347.2049637579
S66x8/55-125,-347.2032212079
S66x8/55-150,-347.2013209967
S66x8/55-200,-347.2000599247
S66x8/56-A,-231.6837200737
S66x8/56-B,-95.641446681
S66x8/56-090,-327.3285001925
S66x8/56-095,-327.3292855945
S66x8/56-100,-327.3294357916
S66x8/56-105,-327.3292255688
S66x8/56-110,-327.3288014579
S66x8/56-125,-327.327418318
S66x8/56-150,-327.3261136447
S66x8/56-200,-327.3254445566
S66x8/57-A,-231.6836474321
S66x8/57-B,-248.0442403673
S66x8/57-090,-479.7322024886
S66x8/57-095,-479.7340362587
S66x8/57-100,-479.7345052036
S66x8/57-105,-479.7343058729
S66x8/57-110,-479.7337885152
S66x8/57-125,-479.7318406344
S66x8/57-150,-479.7298057198
S66x8/57-200,-479.7285736124
S66x8/58-A,-247.7282702144
S66x8/58-B,-247.7281943948
S66x8/58-090,-495.4620571509
S66x8/58-095,-495.4632707138
S66x8/58-100,-495.4633634996
S66x8/58-105,-495.4626635661
S66x8/58-110,-495.4617762256
S66x8/58-125,-495.4595435698
S66x8/58-150,-495.4577486767
S66x8/58-200,-495.4568162035
S66x8/59-A,-77.1387181158
S66x8/59-B,-76.3234935648
S66x8/59-090,-153.4679688926
S66x8/59-095,-153.4680232865
S66x8/59-100,-153.4677650866
S66x8/59-105,-153.4673429171
S66x8/59-110,-153.4668461178
S66x8/59-125,-153.4653674836
S66x8/59-150,-153.4636941298
S66x8/59-200,-153.4624044238
S66x8/60-A,-77.1385242295
S66x8/60-B,-228.7189110696
S66x8/60-090,-305.8665363145
S66x8/60-095,-305.8668036698
S66x8/60-100,-305.8664953348
S66x8/60-105,-305.8658726397
S66x8/60-110,-305.8651020509
S66x8/60-125,-305.8627310528
S66x8/60-150,-305.8600257601
S66x8/60-200,-305.8581111731
S66x8/61-A,-197.2350637939
S66x8/61-B,-228.7189341692
S66x8/61-090,-425.9579063297
S66x8/61-095,-425.9579898309
S66x8/61-100,-425.9577727686
S66x8/61-105,-425.957397266
S66x8/61-110,-425.9569624588
S66x8/61-125,-425.9557621816
S66x8/61-150,-425.9544773211
S66x8/61-200,-425.9540706501
S66x8/62-A,-197.2350709975
S66x8/62-B,-208.8392802347
S66x8/62-090,-406.0790626793
S66x8/62-095,-406.0792998474
S66x8/62-100,-406.0790686299
S66x8/62-105,-406.078600551
S66x8/62-110,-406.0780472018
S66x8/62-125,-406.0765068813
S66x8/62-150,-406.0750887179
S66x8/62-200,-406.0744685111
S66x8/63-A,-231.6837818644
S66x8/63-B,-228.7188972773
S66x8/63-090,-460.4056473636
S66x8/63-095,-460.4068932368
S66x8/63-100,-460.4071644066
S66x8/63-105,-460.4069484454
S66x8/63-110,-460.4064663843
S66x8/63-125,-460.4049122143
S66x8/63-150,-460.4034470687
S66x8/63-200,-460.40279053
S66x8/64-A,-248.0442065245
S66x8/64-B,-78.3768121308
S66x8/64-090,-326.4252135953
S66x8/64-095,-326.4255167924
S66x8/64-100,-326.4253771027
S66x8/64-105,-326.4250078675
S66x8/64-110,-326.4245400811
S66x8/64-125,-326.4231749252
S66x8/64-150,-326.421744161
S66x8/64-200,-326.42103562
S66x8/65-A,-247.7283425976
S66x8/65-B,-77.1379159949
S66x8/65-090,-324.8739295226
S66x8/65-095,-324.8742234611
S66x8/65-100,-324.8740956702
S66x8/65-105,-324.8737223526
S66x8/65-110,-324.8732202185
S66x8/65-125,-324.8715528081
S66x8/65-150,-324.8694851577
S66x8/65-200,-324.8678491591
S66x8/66-A,-95.641399845
S66x8/66-B,-247.7283002465
S66x8/66-090,-343.3755494459
S66x8/66-095,-343.3759942568
S66x8/66-100,-343.3759502813
S66x8/66-105,-343.3756190199
S66x8/66-110,-343.3751316311
S66x8/66-125,-343.3734999564
S66x8/66-150,-343.3716132301
S66x8/66-200,-343.3703522233
NCIBLIND10/01-A,-231.6813305592
NCIBLIND10/01-B,-40.3900911269
NCIBLIND10/01-1,-272.0711540778
NCIBLIND10/01-2,-272.0732183035
NCIBLIND10/01-3,-272.0719525197
NCIBLIND10/01-4,-272.071526824
NCIBLIND10/01-5,-272.0714555211
NCIBLIND10/01-6,-272.0714370741
NCIBLIND10/01-7,-272.0714295291
NCIBLIND10/02-A,-231.6832426561
NCIBLIND10/02-B,-76.3235600256
NCIBLIND10/02-1,-308.0018593699
NCIBLIND10/02-2,-308.0124864633
NCIBLIND10/02-3,-308.0117063015
NCIBLIND10/02-4,-308.009915383
NCIBLIND10/02-5,-308.0087248647
NCIBLIND10/02-6,-308.0080396067
NCIBLIND10/02-7,-308.0073900785
NCIBLIND10/02-8,-308.0071354088
NCIBLIND10/02-9,-308.0070097257
NCIBLIND10/03-A,-154.7330968494
NCIBLIND10/03-B,-154.7330319083
NCIBLIND10/03-1,-309.4702858066
NCIBLIND10/03-2,-309.471335946
NCIBLIND10/03-3,-309.467894038
NCIBLIND10/03-4,-309.466648756
NCIBLIND10/03-5,-309.4663524516
NCIBLIND10/03-6,-309.4662523249
NCIBLIND10/03-7,-309.4662084363
NCIBLIND10/04-A,-598.6131600186
NCIBLIND10/04-B,-598.6143329204
NCIBLIND10/04-1,-1197.2428412898
NCIBLIND10/04-2,-1197.2472474545
NCIBLIND10/04-3,-1197.2396533256
NCIBLIND10/04-4,-1197.2332487591
NCIBLIND10/04-5,-1197.2305581365
NCIBLIND10/04-6,-1197.2292633845
NCIBLIND10/04-7,-1197.2285481935
NCIBLIND10/04-8,-1197.228136678
NCIBLIND10/05-A,-597.463882529
NCIBLIND10/05-B,-597.464127912
NCIBLIND10/05-1,-1194.9489712466
NCIBLIND10/05-2,-1194.9502011947
NCIBLIND10/05-3,-1194.9403440495
NCIBLIND10/05-4,-1194.9348836384
NCIBLIND10/05-5,-1194.9324919087
NCIBLIND10/05-6,-1194.9311553619
NCIBLIND10/06-A,-225.7626499842
NCIBLIND10/06-B,-225.7636161176
NCIBLIND10/06-1,-451.5385925659
NCIBLIND10/06-2,-451.5440737665
NCIBLIND10/06-3,-451.5350605404
NCIBLIND10/06-4,-451.5302085484
NCIBLIND10/06-5,-451.5284315729
NCIBLIND10/06-6,-451.5276037973
NCIBLIND10/06-7,-451.5271591689
NCIBLIND10/07-A,-228.6906119785
NCIBLIND10/07-B,-228.6909257043
NCIBLIND10/07-1,-457.3876232056
NCIBLIND10/07-2,-457.3877605328
NCIBLIND10/07-3,-457.3837363459
NCIBLIND10/07-4,-457.3822410174
NCIBLIND10/07-5,-457.3818189515
NCIBLIND10/07-6,-457.3816607242
NCIBLIND10/08-A,-435.946212191
NCIBLIND10/08-B,-435.946212191
NCIBLIND10/08-1,-871.8866056308
NCIBLIND10/08-2,-871.8978200205
NCIBLIND10/08-3,-871.8964200249
NCIBLIND10/08-4,-871.8939694314
NCIBLIND10/08-5,-871.8933526716
NCIBLIND10/08-6,-871.8930926409
NCIBLIND10/08-7,-871.8931268991
NCIBLIND10/09-A,-244.6484831499
NCIBLIND10/09-B,-244.6484075246
NCIBLIND10/09-1,-489.3044819412
NCIBLIND10/09-2,-489.308157977
NCIBLIND10/09-3,-489.302162349
NCIBLIND10/09-4,-489.2992372918
NCIBLIND10/09-5,-489.2982083232
NCIBLIND10/09-6,-489.2977170343
NCIBLIND10/09-7,-489.2974468426
NCIBLIND10/10-A,-76.3235816008
NCIBLIND10/10-B,-76.3233210866
NCIBLIND10/10-1,-152.6406550369
NCIBLIND10/10-2,-152.6567105622
NCIBLIND10/10-3,-152.6580655439
NCIBLIND10/10-4,-152.6559057145
NCIBLIND10/10-5,-152.6535069632
NCIBLIND10/10-6,-152.650684691
NCIBLIND10/10-7,-152.6494725718
NCIBLIND10/10-8,-152.6486698367
NCIBLIND10/10-9,-152.6482097523
NCIBLIND10/10-10,-152.6479235122
NCIBLIND10/10-11,-152.6477352379
NCIBLIND10/10-12,-152.6476074174
NCIBLIND10/10-13,-152.6475182406
NCIBLIND10/10-14,-152.6474524137
NCIBLIND10/10-15,-152.64740277
NCIBLIND10/10-16,-152.6473645167
