system,LC-wPBEh(w=200)/def2-QZVP/Q-Chem
S22x5/01-A,-467.0662931521
S22x5/01-B,-453.9018318367
S22x5/01-0.9,-920.9884505452
S22x5/01-1.0,-920.9903729513
S22x5/01-1.2,-920.9860268106
S22x5/01-1.5,-920.9779633213
S22x5/01-2.0,-920.9715260352
S22x5/02-A,-467.0657266499
S22x5/02-B,-453.9028366388
S22x5/02-0.9,-920.9604298179
S22x5/02-1.0,-920.9716482523
S22x5/02-1.2,-920.9735024491
S22x5/02-1.5,-920.9710716529
S22x5/02-2.0,-920.9694952541
S22x5/03-A,-56.5311255196
S22x5/03-B,-56.5311255196
S22x5/03-0.9,-113.0651739772
S22x5/03-1.0,-113.066366438
S22x5/03-1.2,-113.0655291809
S22x5/03-1.5,-113.0638674986
S22x5/03-2.0,-113.0628049759
S22x5/04-A,-76.3963885789
S22x5/04-B,-76.3964133195
S22x5/04-0.9,-152.7997205232
S22x5/04-1.0,-152.8006104228
S22x5/04-1.2,-152.7991259096
S22x5/04-1.5,-152.7964515983
S22x5/04-2.0,-152.7943459268
S22x5/05-A,-40.4900693422
S22x5/05-B,-40.4900693422
S22x5/05-0.9,-80.9790187721
S22x5/05-1.0,-80.9799624821
S22x5/05-1.2,-80.9801477828
S22x5/05-1.5,-80.980136448
S22x5/05-2.0,-80.9801378641
S22x5/06-A,-78.5347040777
S22x5/06-B,-78.5347040777
S22x5/06-0.9,-157.067468412
S22x5/06-1.0,-157.0696396215
S22x5/06-1.2,-157.0697770933
S22x5/06-1.5,-157.0694882814
S22x5/06-2.0,-157.0694127031
S22x5/07-A,-78.5346765166
S22x5/07-B,-77.275063001
S22x5/07-0.9,-155.8106196451
S22x5/07-1.0,-155.8112718636
S22x5/07-1.2,-155.8109867539
S22x5/07-1.5,-155.8103315998
S22x5/07-2.0,-155.8099293102
S22x5/08-A,-189.6723680607
S22x5/08-B,-189.6723680607
S22x5/08-0.9,-379.3720018066
S22x5/08-1.0,-379.374377496
S22x5/08-1.2,-379.3688643432
S22x5/08-1.5,-379.3587531699
S22x5/08-2.0,-379.350328885
S22x5/09-A,-169.8104011791
S22x5/09-B,-169.8104011791
S22x5/09-0.9,-339.6422963962
S22x5/09-1.0,-339.6445528168
S22x5/09-1.2,-339.6406239085
S22x5/09-1.5,-339.632946011
S22x5/09-2.0,-339.6262873551
S22x5/10-A,-232.0981229637
S22x5/10-B,-76.3963175627
S22x5/10-0.9,-308.4973731641
S22x5/10-1.0,-308.4981592269
S22x5/10-1.2,-308.4975688231
S22x5/10-1.5,-308.4962470092
S22x5/10-2.0,-308.4951759022
S22x5/11-A,-232.09816565
S22x5/11-B,-56.5310569092
S22x5/11-0.9,-288.6297321316
S22x5/11-1.0,-288.6308293194
S22x5/11-1.2,-288.6307687496
S22x5/11-1.5,-288.6300805133
S22x5/11-2.0,-288.6295400323
S22x5/12-A,-232.0981986273
S22x5/12-B,-40.4900438618
S22x5/12-0.9,-272.5868083264
S22x5/12-1.0,-272.5881436227
S22x5/12-1.2,-272.5886194422
S22x5/12-1.5,-272.5884571524
S22x5/12-2.0,-272.5882888457
S22x5/13-A,-232.0981917742
S22x5/13-B,-232.0981807601
S22x5/13-0.9,-464.1947011792
S22x5/13-1.0,-464.1965430092
S22x5/13-1.2,-464.1973720285
S22x5/13-1.5,-464.1969803743
S22x5/13-2.0,-464.1965996942
S22x5/14-A,-232.0981493412
S22x5/14-B,-232.0981493413
S22x5/14-0.9,-464.1858190807
S22x5/14-1.0,-464.1932220665
S22x5/14-1.2,-464.1957038232
S22x5/14-1.5,-464.1960198579
S22x5/14-2.0,-464.1961531197
S22x5/15-A,-232.098048911
S22x5/15-B,-363.5980503786
S22x5/15-0.9,-595.6974030471
S22x5/15-1.0,-595.6997434348
S22x5/15-1.2,-595.7003475927
S22x5/15-1.5,-595.6989443252
S22x5/15-2.0,-595.6974020111
S22x5/16-A,-232.0981067891
S22x5/16-B,-363.5980762843
S22x5/16-0.9,-595.6846039413
S22x5/16-1.0,-595.692573858
S22x5/16-1.2,-595.6956735784
S22x5/16-1.5,-595.6958138461
S22x5/16-2.0,-595.6959672615
S22x5/17-A,-264.1550330649
S22x5/17-B,-264.1550244621
S22x5/17-0.9,-528.3014827927
S22x5/17-1.0,-528.3088014662
S22x5/17-1.2,-528.310982245
S22x5/17-1.5,-528.3105134628
S22x5/17-2.0,-528.3102030747
S22x5/18-A,-323.336530687
S22x5/18-B,-303.4727205311
S22x5/18-0.9,-626.8307821409
S22x5/18-1.0,-626.832881576
S22x5/18-1.2,-626.8286801611
S22x5/18-1.5,-626.8205924013
S22x5/18-2.0,-626.813859535
S22x5/19-A,-307.2922173083
S22x5/19-B,-307.2919985682
S22x5/19-0.9,-614.5892540621
S22x5/19-1.0,-614.5905509519
S22x5/19-1.2,-614.5902231408
S22x5/19-1.5,-614.5880030458
S22x5/19-2.0,-614.5859826765
S22x5/20-A,-414.6074398247
S22x5/20-B,-414.6074398247
S22x5/20-0.9,-829.2112107876
S22x5/20-1.0,-829.2200152852
S22x5/20-1.2,-829.2200110055
S22x5/20-1.5,-829.2173028171
S22x5/20-2.0,-829.2157408497
S22x5/21-A,-414.6067480518
S22x5/21-B,-414.6067480518
S22x5/21-0.9,-829.2408008437
S22x5/21-1.0,-829.2431672555
S22x5/21-1.2,-829.2379570608
S22x5/21-1.5,-829.2283875432
S22x5/21-2.0,-829.2200761652
S22x5/22-A,-232.098124046
S22x5/22-B,-93.3632038632
S22x5/22-0.9,-325.465287382
S22x5/22-1.0,-325.4663556729
S22x5/22-1.2,-325.4657945066
S22x5/22-1.5,-325.4640778667
S22x5/22-2.0,-325.4625314625
S66x8/01-A,-76.3964068227
S66x8/01-B,-76.3963957742
S66x8/01-090,-152.8001249016
S66x8/01-095,-152.8005047955
S66x8/01-100,-152.8004565823
S66x8/01-105,-152.8001524728
S66x8/01-110,-152.7997076808
S66x8/01-125,-152.7981751589
S66x8/01-150,-152.7961228139
S66x8/01-200,-152.7941824227
S66x8/02-A,-76.3964128982
S66x8/02-B,-115.6657228541
S66x8/02-090,-192.0695972054
S66x8/02-095,-192.0701023261
S66x8/02-100,-192.0701177681
S66x8/02-105,-192.0698398957
S66x8/02-110,-192.0693946798
S66x8/02-125,-192.0677807227
S66x8/02-150,-192.0655704738
S66x8/02-200,-192.063505533
S66x8/03-A,-76.3964196109
S66x8/03-B,-95.8059351493
S66x8/03-090,-172.2126626566
S66x8/03-095,-172.2130853044
S66x8/03-100,-172.2129634161
S66x8/03-105,-172.2125128373
S66x8/03-110,-172.2118805954
S66x8/03-125,-172.2096803214
S66x8/03-150,-172.206715359
S66x8/03-200,-172.2039523164
S66x8/04-A,-76.3964191767
S66x8/04-B,-248.3927871824
S66x8/04-090,-324.8000850505
S66x8/04-095,-324.8006499918
S66x8/04-100,-324.80063788
S66x8/04-105,-324.8002780164
S66x8/04-110,-324.7997134864
S66x8/04-125,-324.7976335606
S66x8/04-150,-324.7945951149
S66x8/04-200,-324.7912219925
S66x8/05-A,-115.6657562477
S66x8/05-B,-115.6657496907
S66x8/05-090,-231.3387336911
S66x8/05-095,-231.3393579797
S66x8/05-100,-231.3394594237
S66x8/05-105,-231.3392441475
S66x8/05-110,-231.338843458
S66x8/05-125,-231.3372921059
S66x8/05-150,-231.3350865177
S66x8/05-200,-231.3329814245
S66x8/06-A,-115.6655653695
S66x8/06-B,-95.8059664606
S66x8/06-090,-211.4815806873
S66x8/06-095,-211.4823290808
S66x8/06-100,-211.4823983313
S66x8/06-105,-211.4820575099
S66x8/06-110,-211.4814999309
S66x8/06-125,-211.4793754592
S66x8/06-150,-211.4763190118
S66x8/06-200,-211.4734129379
S66x8/07-A,-115.665662591
S66x8/07-B,-248.3925860902
S66x8/07-090,-364.0686772849
S66x8/07-095,-364.0694137407
S66x8/07-100,-364.069527872
S66x8/07-105,-364.0692566069
S66x8/07-110,-364.0687474242
S66x8/07-125,-364.0667143154
S66x8/07-150,-364.0632870495
S66x8/07-200,-364.0598224402
S66x8/08-A,-115.6657746538
S66x8/08-B,-76.396399734
S66x8/08-090,-192.0692239634
S66x8/08-095,-192.0697123695
S66x8/08-100,-192.0697434312
S66x8/08-105,-192.069498547
S66x8/08-110,-192.06909485
S66x8/08-125,-192.067622031
S66x8/08-150,-192.0655809472
S66x8/08-200,-192.0636326445
S66x8/09-A,-95.8059545922
S66x8/09-B,-115.6657810403
S66x8/09-090,-211.4742728483
S66x8/09-095,-211.4748210862
S66x8/09-100,-211.4750095559
S66x8/09-105,-211.4749771619
S66x8/09-110,-211.4748213425
S66x8/09-125,-211.4741279049
S66x8/09-150,-211.4731707146
S66x8/09-200,-211.4723317292
S66x8/10-A,-95.8059724582
S66x8/10-B,-95.8059387482
S66x8/10-090,-191.6152824626
S66x8/10-095,-191.6160563833
S66x8/10-100,-191.6163296707
S66x8/10-105,-191.6163156157
S66x8/10-110,-191.6161193591
S66x8/10-125,-191.6151447536
S66x8/10-150,-191.6135080091
S66x8/10-200,-191.612420027
S66x8/11-A,-95.805820675
S66x8/11-B,-248.3927272423
S66x8/11-090,-344.2026227539
S66x8/11-095,-344.2035434873
S66x8/11-100,-344.2039183518
S66x8/11-105,-344.2039644937
S66x8/11-110,-344.2038126194
S66x8/11-125,-344.2022409764
S66x8/11-150,-344.2003355186
S66x8/11-200,-344.199273071
S66x8/12-A,-95.8059255466
S66x8/12-B,-76.3960070919
S66x8/12-090,-172.2124667847
S66x8/12-095,-172.2130655033
S66x8/12-100,-172.213045787
S66x8/12-105,-172.2126482134
S66x8/12-110,-172.2120414517
S66x8/12-125,-172.2098459835
S66x8/12-150,-172.2068093206
S66x8/12-200,-172.2039672693
S66x8/13-A,-248.3926984516
S66x8/13-B,-115.6657604034
S66x8/13-090,-364.0645991926
S66x8/13-095,-364.0654488757
S66x8/13-100,-364.065761542
S66x8/13-105,-364.0657301293
S66x8/13-110,-364.0654903149
S66x8/13-125,-364.0642767886
S66x8/13-150,-364.0623563733
S66x8/13-200,-364.0603075991
S66x8/14-A,-248.3924917622
S66x8/14-B,-95.8059236027
S66x8/14-090,-344.2065517957
S66x8/14-095,-344.2074794886
S66x8/14-100,-344.2077700381
S66x8/14-105,-344.2076634637
S66x8/14-110,-344.2073159979
S66x8/14-125,-344.2056727875
S66x8/14-150,-344.203137464
S66x8/14-200,-344.2005134576
S66x8/15-A,-248.3926993341
S66x8/15-B,-248.3927766501
S66x8/15-090,-496.7942891547
S66x8/15-095,-496.7952773786
S66x8/15-100,-496.7956418183
S66x8/15-105,-496.7955924428
S66x8/15-110,-496.7952759316
S66x8/15-125,-496.7936952446
S66x8/15-150,-496.7911197337
S66x8/15-200,-496.7879222087
S66x8/16-A,-248.3928814919
S66x8/16-B,-76.3964028164
S66x8/16-090,-324.7955642504
S66x8/16-095,-324.7961924414
S66x8/16-100,-324.7963634446
S66x8/16-105,-324.796242641
S66x8/16-110,-324.7959551795
S66x8/16-125,-324.7947558643
S66x8/16-150,-324.7929397547
S66x8/16-200,-324.7910646649
S66x8/17-A,-414.6068991791
S66x8/17-B,-414.6070519019
S66x8/17-090,-829.2367030933
S66x8/17-095,-829.2383176844
S66x8/17-100,-829.2385818917
S66x8/17-105,-829.2379963308
S66x8/17-110,-829.2369000439
S66x8/17-125,-829.2324278489
S66x8/17-150,-829.2256813643
S66x8/17-200,-829.2187606247
S66x8/18-A,-76.3964155081
S66x8/18-B,-248.1286172297
S66x8/18-090,-324.5347025019
S66x8/18-095,-324.5352005261
S66x8/18-100,-324.5351448194
S66x8/18-105,-324.5347504821
S66x8/18-110,-324.5341650406
S66x8/18-125,-324.53208885
S66x8/18-150,-324.5292692059
S66x8/18-200,-324.526629817
S66x8/19-A,-115.665572349
S66x8/19-B,-248.1286106261
S66x8/19-090,-363.8036997631
S66x8/19-095,-363.8044442218
S66x8/19-100,-363.8045587732
S66x8/19-105,-363.8042795067
S66x8/19-110,-363.8035953342
S66x8/19-125,-363.8017509674
S66x8/19-150,-363.7986341544
S66x8/19-200,-363.7958026968
S66x8/20-A,-228.974910571
S66x8/20-B,-228.9749101073
S66x8/20-090,-457.9784157745
S66x8/20-095,-457.9799481217
S66x8/20-100,-457.9799599298
S66x8/20-105,-457.9789987757
S66x8/20-110,-457.9774778699
S66x8/20-125,-457.971775902
S66x8/20-150,-457.9634958558
S66x8/20-200,-457.9552238807
S66x8/21-A,-209.1101534252
S66x8/21-B,-209.1101580733
S66x8/21-090,-418.2426126204
S66x8/21-095,-418.2440503375
S66x8/21-100,-418.2442365441
S66x8/21-105,-418.2436491851
S66x8/21-110,-418.2425857904
S66x8/21-125,-418.2383364918
S66x8/21-150,-418.2320029442
S66x8/21-200,-418.2248996173
S66x8/22-A,-228.9748192874
S66x8/22-B,-414.6067615395
S66x8/22-090,-643.6093840198
S66x8/22-095,-643.6109773543
S66x8/22-100,-643.6111276874
S66x8/22-105,-643.6103546621
S66x8/22-110,-643.6090379567
S66x8/22-125,-643.6038405847
S66x8/22-150,-643.5959934982
S66x8/22-200,-643.5877883219
S66x8/23-A,-209.110045948
S66x8/23-B,-414.6066284918
S66x8/23-090,-623.7432254476
S66x8/23-095,-623.7448142952
S66x8/23-100,-623.7450922252
S66x8/23-105,-623.7445172208
S66x8/23-110,-623.7434172221
S66x8/23-125,-623.7388430166
S66x8/23-150,-623.7316386911
S66x8/23-200,-623.7237137696
S66x8/24-A,-232.0982560796
S66x8/24-B,-232.0982129839
S66x8/24-090,-464.18621776
S66x8/24-095,-464.1905462748
S66x8/24-100,-464.1933291332
S66x8/24-105,-464.194700579
S66x8/24-110,-464.1951431598
S66x8/24-125,-464.1959200275
S66x8/24-150,-464.1960158642
S66x8/24-200,-464.1961703875
S66x8/25-A,-248.1285850904
S66x8/25-B,-248.128621207
S66x8/25-090,-496.2489402471
S66x8/25-095,-496.2530456695
S66x8/25-100,-496.2555311916
S66x8/25-105,-496.2569652835
S66x8/25-110,-496.2575127171
S66x8/25-125,-496.2578451858
S66x8/25-150,-496.2575463113
S66x8/25-200,-496.2573371425
S66x8/26-A,-414.6074398327
S66x8/26-B,-414.6074398327
S66x8/26-090,-829.2136061991
S66x8/26-095,-829.2178453893
S66x8/26-100,-829.2200153565
S66x8/26-105,-829.2208532607
S66x8/26-110,-829.2209327993
S66x8/26-125,-829.2199095781
S66x8/26-150,-829.2178052633
S66x8/26-200,-829.2160267091
S66x8/27-A,-232.098251344
S66x8/27-B,-248.128637007
S66x8/27-090,-480.2174749613
S66x8/27-095,-480.2218341423
S66x8/27-100,-480.2246060684
S66x8/27-105,-480.2260262793
S66x8/27-110,-480.2264610354
S66x8/27-125,-480.2269689019
S66x8/27-150,-480.2268234738
S66x8/27-200,-480.2267802865
S66x8/28-A,-232.0980804074
S66x8/28-B,-414.6079939972
S66x8/28-090,-646.6992765078
S66x8/28-095,-646.7031271673
S66x8/28-100,-646.7055500072
S66x8/28-105,-646.7069963076
S66x8/28-110,-646.7074167104
S66x8/28-125,-646.7071984498
S66x8/28-150,-646.7064916545
S66x8/28-200,-646.706058678
S66x8/29-A,-248.1285467347
S66x8/29-B,-414.6079965035
S66x8/29-090,-662.7296845591
S66x8/29-095,-662.7350219575
S66x8/29-100,-662.7376699134
S66x8/29-105,-662.7391209224
S66x8/29-110,-662.7395325889
S66x8/29-125,-662.7389585757
S66x8/29-150,-662.7378137024
S66x8/29-200,-662.7369395294
S66x8/30-A,-232.0982340459
S66x8/30-B,-78.5347219247
S66x8/30-090,-310.6275453464
S66x8/30-095,-310.6296216117
S66x8/30-100,-310.6309797831
S66x8/30-105,-310.6316209868
S66x8/30-110,-310.6318357105
S66x8/30-125,-310.632350959
S66x8/30-150,-310.6325052535
S66x8/30-200,-310.632735883
S66x8/31-A,-414.6080814018
S66x8/31-B,-78.5347176734
S66x8/31-090,-493.1404124513
S66x8/31-095,-493.1422896275
S66x8/31-100,-493.1433383747
S66x8/31-105,-493.1438222491
S66x8/31-110,-493.1439676328
S66x8/31-125,-493.1438681567
S66x8/31-150,-493.1433361152
S66x8/31-200,-493.1429201832
S66x8/32-A,-414.6081369769
S66x8/32-B,-77.2747681135
S66x8/32-090,-491.8814050206
S66x8/32-095,-491.8833231806
S66x8/32-100,-491.8843486634
S66x8/32-105,-491.8847072385
S66x8/32-110,-491.8847388394
S66x8/32-125,-491.8843509252
S66x8/32-150,-491.8835094558
S66x8/32-200,-491.8828819114
S66x8/33-A,-248.1286603435
S66x8/33-B,-78.5346853876
S66x8/33-090,-326.6591017575
S66x8/33-095,-326.6609306025
S66x8/33-100,-326.6620787114
S66x8/33-105,-326.6626829425
S66x8/33-110,-326.662905767
S66x8/33-125,-326.6632566615
S66x8/33-150,-326.663253013
S66x8/33-200,-326.6633152775
S66x8/34-A,-197.6470211056
S66x8/34-B,-197.646966575
S66x8/34-090,-395.2895937329
S66x8/34-095,-395.2920349961
S66x8/34-100,-395.2933588179
S66x8/34-105,-395.2940180156
S66x8/34-110,-395.2944294035
S66x8/34-125,-395.2946826489
S66x8/34-150,-395.2945052098
S66x8/34-200,-395.2944252334
S66x8/35-A,-197.6470015326
S66x8/35-B,-197.6500414882
S66x8/35-090,-395.293572119
S66x8/35-095,-395.2954798751
S66x8/35-100,-395.2965260401
S66x8/35-105,-395.2970069952
S66x8/35-110,-395.2972700675
S66x8/35-125,-395.2973922653
S66x8/35-150,-395.2972614655
S66x8/35-200,-395.2972076036
S66x8/36-A,-197.6500633764
S66x8/36-B,-197.6501020674
S66x8/36-090,-395.297813723
S66x8/36-095,-395.2989233526
S66x8/36-100,-395.2995329794
S66x8/36-105,-395.29984618
S66x8/36-110,-395.3000798276
S66x8/36-125,-395.3001814034
S66x8/36-150,-395.3001486497
S66x8/36-200,-395.3001258494
S66x8/37-A,-196.4389908697
S66x8/37-B,-197.650019978
S66x8/37-090,-394.0851555333
S66x8/37-095,-394.0870840493
S66x8/37-100,-394.0881659065
S66x8/37-105,-394.0887223118
S66x8/37-110,-394.0889890687
S66x8/37-125,-394.0892536605
S66x8/37-150,-394.0891587142
S66x8/37-200,-394.0890899128
S66x8/38-A,-196.4389036124
S66x8/38-B,-196.4390481168
S66x8/38-090,-392.8739793511
S66x8/38-095,-392.8757947117
S66x8/38-100,-392.8770161756
S66x8/38-105,-392.8776072067
S66x8/38-110,-392.8778640038
S66x8/38-125,-392.8780780155
S66x8/38-150,-392.87793425
S66x8/38-200,-392.8778722345
S66x8/39-A,-232.0982185933
S66x8/39-B,-196.4388684513
S66x8/39-090,-428.5318676865
S66x8/39-095,-428.5346604719
S66x8/39-100,-428.5362303004
S66x8/39-105,-428.5370346478
S66x8/39-110,-428.5373905263
S66x8/39-125,-428.5375696926
S66x8/39-150,-428.5372506952
S66x8/39-200,-428.5370529441
S66x8/40-A,-232.0982030035
S66x8/40-B,-197.6500812302
S66x8/40-090,-429.7444627653
S66x8/40-095,-429.7466405521
S66x8/40-100,-429.7479024326
S66x8/40-105,-429.7484776804
S66x8/40-110,-429.7486920536
S66x8/40-125,-429.7488351701
S66x8/40-150,-429.748534902
S66x8/40-200,-429.7483672801
S66x8/41-A,-414.6080329822
S66x8/41-B,-197.6472149808
S66x8/41-090,-612.2505477045
S66x8/41-095,-612.2533098092
S66x8/41-100,-612.2548573212
S66x8/41-105,-612.255531118
S66x8/41-110,-612.2558735875
S66x8/41-125,-612.2558760989
S66x8/41-150,-612.2554713661
S66x8/41-200,-612.2552701585
S66x8/42-A,-414.6080673651
S66x8/42-B,-196.4388529264
S66x8/42-090,-611.0417292491
S66x8/42-095,-611.0445301992
S66x8/42-100,-611.0460775934
S66x8/42-105,-611.0468118779
S66x8/42-110,-611.0471823459
S66x8/42-125,-611.047357251
S66x8/42-150,-611.0470734747
S66x8/42-200,-611.0469149254
S66x8/43-A,-414.6081282751
S66x8/43-B,-197.6499595257
S66x8/43-090,-612.254686951
S66x8/43-095,-612.2569426283
S66x8/43-100,-612.2580977399
S66x8/43-105,-612.2585937348
S66x8/43-110,-612.2588183251
S66x8/43-125,-612.2587640297
S66x8/43-150,-612.2583611239
S66x8/43-200,-612.2580894626
S66x8/44-A,-78.5347213695
S66x8/44-B,-197.6470699022
S66x8/44-090,-276.1799143365
S66x8/44-095,-276.1810819634
S66x8/44-100,-276.1816588898
S66x8/44-105,-276.181915821
S66x8/44-110,-276.1820994781
S66x8/44-125,-276.1821109965
S66x8/44-150,-276.1820010062
S66x8/44-200,-276.1819396941
S66x8/45-A,-77.2747747808
S66x8/45-B,-197.6470594269
S66x8/45-090,-274.9193134106
S66x8/45-095,-274.9207311967
S66x8/45-100,-274.9214386426
S66x8/45-105,-274.921820801
S66x8/45-110,-274.9220309026
S66x8/45-125,-274.9220396611
S66x8/45-150,-274.9218611449
S66x8/45-200,-274.9217120844
S66x8/46-A,-248.3929398084
S66x8/46-B,-197.64706039
S66x8/46-090,-446.0374196025
S66x8/46-095,-446.0391491751
S66x8/46-100,-446.0401299344
S66x8/46-105,-446.0406295391
S66x8/46-110,-446.0408893221
S66x8/46-125,-446.0409650497
S66x8/46-150,-446.0405128791
S66x8/46-200,-446.0401806889
S66x8/47-A,-232.098183017
S66x8/47-B,-232.0980463012
S66x8/47-090,-464.1931207658
S66x8/47-095,-464.1953035499
S66x8/47-100,-464.1964297665
S66x8/47-105,-464.1970052092
S66x8/47-110,-464.197237852
S66x8/47-125,-464.1971820212
S66x8/47-150,-464.1967737711
S66x8/47-200,-464.1964548005
S66x8/48-A,-248.1285814181
S66x8/48-B,-248.1285347718
S66x8/48-090,-496.2554420356
S66x8/48-095,-496.2572806766
S66x8/48-100,-496.2582698942
S66x8/48-105,-496.2587637341
S66x8/48-110,-496.2589171099
S66x8/48-125,-496.258730445
S66x8/48-150,-496.2580959924
S66x8/48-200,-496.2575152195
S66x8/49-A,-232.0981834485
S66x8/49-B,-248.1285836323
S66x8/49-090,-480.2242727932
S66x8/49-095,-480.2264689733
S66x8/49-100,-480.2275705184
S66x8/49-105,-480.2281019446
S66x8/49-110,-480.228295159
S66x8/49-125,-480.2280725891
S66x8/49-150,-480.2274901419
S66x8/49-200,-480.2269817643
S66x8/50-A,-232.0981671264
S66x8/50-B,-77.2748522298
S66x8/50-090,-309.3727209306
S66x8/50-095,-309.3741975137
S66x8/50-100,-309.374824541
S66x8/50-105,-309.3750623559
S66x8/50-110,-309.3750560645
S66x8/50-125,-309.3745291322
S66x8/50-150,-309.3737327533
S66x8/50-200,-309.3731086376
S66x8/51-A,-77.2747886477
S66x8/51-B,-77.2748640752
S66x8/51-090,-154.5505193048
S66x8/51-095,-154.5510065877
S66x8/51-100,-154.5511850844
S66x8/51-105,-154.5511898972
S66x8/51-110,-154.5510978778
S66x8/51-125,-154.5506761831
S66x8/51-150,-154.5501412268
S66x8/51-200,-154.5497479135
S66x8/52-A,-232.0981653397
S66x8/52-B,-228.9767949006
S66x8/52-090,-461.0772491646
S66x8/52-095,-461.0785313952
S66x8/52-100,-461.0790662628
S66x8/52-105,-461.0791740324
S66x8/52-110,-461.079046348
S66x8/52-125,-461.07810205
S66x8/52-150,-461.0767375598
S66x8/52-200,-461.0755114278
S66x8/53-A,-232.0981715801
S66x8/53-B,-209.1110813486
S66x8/53-090,-441.211318716
S66x8/53-095,-441.2123958576
S66x8/53-100,-441.2128734679
S66x8/53-105,-441.212982197
S66x8/53-110,-441.2128877294
S66x8/53-125,-441.2121620188
S66x8/53-150,-441.210879065
S66x8/53-200,-441.2096427201
S66x8/54-A,-232.0981494249
S66x8/54-B,-76.3963384129
S66x8/54-090,-308.4969889325
S66x8/54-095,-308.4978665432
S66x8/54-100,-308.4981576165
S66x8/54-105,-308.4981224995
S66x8/54-110,-308.4979322443
S66x8/54-125,-308.4971254561
S66x8/54-150,-308.4960205543
S66x8/54-200,-308.4950385678
S66x8/55-A,-232.0981213257
S66x8/55-B,-115.6658168246
S66x8/55-090,-347.7650905755
S66x8/55-095,-347.7664302657
S66x8/55-100,-347.7670912695
S66x8/55-105,-347.7673315148
S66x8/55-110,-347.7672903441
S66x8/55-125,-347.7666330336
S66x8/55-150,-347.7655302435
S66x8/55-200,-347.764503111
S66x8/56-A,-232.0981793377
S66x8/56-B,-95.8059495314
S66x8/56-090,-327.9031554202
S66x8/56-095,-327.9045820328
S66x8/56-100,-327.90537157
S66x8/56-105,-327.9057691087
S66x8/56-110,-327.9058483919
S66x8/56-125,-327.9055364249
S66x8/56-150,-327.9048930257
S66x8/56-200,-327.9043603747
S66x8/57-A,-232.0981267803
S66x8/57-B,-248.3929130006
S66x8/57-090,-480.4899384734
S66x8/57-095,-480.49263372
S66x8/57-100,-480.4939298229
S66x8/57-105,-480.4944442351
S66x8/57-110,-480.4945454664
S66x8/57-125,-480.4939389148
S66x8/57-150,-480.4927404962
S66x8/57-200,-480.4917029896
S66x8/58-A,-248.1285547579
S66x8/58-B,-248.1284888602
S66x8/58-090,-496.258056388
S66x8/58-095,-496.2598522444
S66x8/58-100,-496.2607769095
S66x8/58-105,-496.2607943743
S66x8/58-110,-496.2604722556
S66x8/58-125,-496.2593252682
S66x8/58-150,-496.258143854
S66x8/58-200,-496.2573655908
S66x8/59-A,-77.2749201055
S66x8/59-B,-76.3963958266
S66x8/59-090,-153.6748042356
S66x8/59-095,-153.6752096296
S66x8/59-100,-153.6752800231
S66x8/59-105,-153.6751620666
S66x8/59-110,-153.6749370156
S66x8/59-125,-153.674057686
S66x8/59-150,-153.6728724883
S66x8/59-200,-153.6717795746
S66x8/60-A,-77.2747820853
S66x8/60-B,-228.9767636242
S66x8/60-090,-306.2569968161
S66x8/60-095,-306.2577197611
S66x8/60-100,-306.2578493729
S66x8/60-105,-306.2576258205
S66x8/60-110,-306.2572248484
S66x8/60-125,-306.255734708
S66x8/60-150,-306.2538026968
S66x8/60-200,-306.2522048542
S66x8/61-A,-197.6471017714
S66x8/61-B,-228.9768642166
S66x8/61-090,-426.6223967544
S66x8/61-095,-426.6233641455
S66x8/61-100,-426.6239323152
S66x8/61-105,-426.6242646771
S66x8/61-110,-426.6244684113
S66x8/61-125,-426.6245079136
S66x8/61-150,-426.6242216724
S66x8/61-200,-426.6240361488
S66x8/62-A,-197.6471010623
S66x8/62-B,-209.1110986845
S66x8/62-090,-406.7565589245
S66x8/62-095,-406.7578627915
S66x8/62-100,-406.7585634452
S66x8/62-105,-406.7589678602
S66x8/62-110,-406.7591685237
S66x8/62-125,-406.7590698616
S66x8/62-150,-406.7586583214
S66x8/62-200,-406.7583102832
S66x8/63-A,-232.0982233308
S66x8/63-B,-228.9768084968
S66x8/63-090,-461.072759537
S66x8/63-095,-461.0748370091
S66x8/63-100,-461.0759347677
S66x8/63-105,-461.0764829876
S66x8/63-110,-461.0766055952
S66x8/63-125,-461.0763573501
S66x8/63-150,-461.0756435493
S66x8/63-200,-461.0751234207
S66x8/64-A,-248.3928766996
S66x8/64-B,-78.5348097255
S66x8/64-090,-326.9273591678
S66x8/64-095,-326.9284027678
S66x8/64-100,-326.9289547744
S66x8/64-105,-326.9291636812
S66x8/64-110,-326.9291921317
S66x8/64-125,-326.9289250261
S66x8/64-150,-326.9282655552
S66x8/64-200,-326.9277333106
S66x8/65-A,-248.1286276517
S66x8/65-B,-77.2742812354
S66x8/65-090,-325.4080900697
S66x8/65-095,-325.4086088342
S66x8/65-100,-325.4087145442
S66x8/65-105,-325.4085758247
S66x8/65-110,-325.4082946629
S66x8/65-125,-325.4071899183
S66x8/65-150,-325.405664257
S66x8/65-200,-325.4043045922
S66x8/66-A,-95.8059247444
S66x8/66-B,-248.1286016128
S66x8/66-090,-343.9352408925
S66x8/66-095,-343.936334223
S66x8/66-100,-343.9369121394
S66x8/66-105,-343.9371519239
S66x8/66-110,-343.9371830414
S66x8/66-125,-343.9367596828
S66x8/66-150,-343.9358862569
S66x8/66-200,-343.9350273316
NCIBLIND10/01-A,-232.0959550886
NCIBLIND10/01-B,-40.4897953977
NCIBLIND10/01-1,-272.5823870907
NCIBLIND10/01-2,-272.5858775822
NCIBLIND10/01-3,-272.5859957341
NCIBLIND10/01-4,-272.585841809
NCIBLIND10/01-5,-272.5857857803
NCIBLIND10/01-6,-272.585766454
NCIBLIND10/01-7,-272.5857585911
NCIBLIND10/02-A,-232.0976650728
NCIBLIND10/02-B,-76.3961369834
NCIBLIND10/02-1,-308.4837844142
NCIBLIND10/02-2,-308.4962365647
NCIBLIND10/02-3,-308.4970957639
NCIBLIND10/02-4,-308.496281596
NCIBLIND10/02-5,-308.4954946588
NCIBLIND10/02-6,-308.4949622352
NCIBLIND10/02-7,-308.4943808636
NCIBLIND10/02-8,-308.4941325784
NCIBLIND10/02-9,-308.4940077874
NCIBLIND10/03-A,-154.9601166951
NCIBLIND10/03-B,-154.9600195701
NCIBLIND10/03-1,-309.9180486808
NCIBLIND10/03-2,-309.9211850333
NCIBLIND10/03-3,-309.9212143143
NCIBLIND10/03-4,-309.9205619003
NCIBLIND10/03-5,-309.9203354036
NCIBLIND10/03-6,-309.9202478435
NCIBLIND10/03-7,-309.920208316
NCIBLIND10/04-A,-599.2113941937
NCIBLIND10/04-B,-599.2123550165
NCIBLIND10/04-1,-1198.423628771
NCIBLIND10/04-2,-1198.4316783568
NCIBLIND10/04-3,-1198.4323922107
NCIBLIND10/04-4,-1198.4286904567
NCIBLIND10/04-5,-1198.4266084853
NCIBLIND10/04-6,-1198.4254495112
NCIBLIND10/04-7,-1198.4247684254
NCIBLIND10/04-8,-1198.4243703031
NCIBLIND10/05-A,-598.0375711456
NCIBLIND10/05-B,-598.0376540194
NCIBLIND10/05-1,-1196.0889528643
NCIBLIND10/05-2,-1196.0917234379
NCIBLIND10/05-3,-1196.0865328855
NCIBLIND10/05-4,-1196.0819464701
NCIBLIND10/05-5,-1196.0796503116
NCIBLIND10/05-6,-1196.0783356817
NCIBLIND10/06-A,-226.0886520171
NCIBLIND10/06-B,-226.0896724284
NCIBLIND10/06-1,-452.18690726
NCIBLIND10/06-2,-452.1929438657
NCIBLIND10/06-3,-452.1861329144
NCIBLIND10/06-4,-452.1820242501
NCIBLIND10/06-5,-452.1803875797
NCIBLIND10/06-6,-452.1796036191
NCIBLIND10/06-7,-452.1791795697
NCIBLIND10/07-A,-228.9464790816
NCIBLIND10/07-B,-228.9468796276
NCIBLIND10/07-1,-457.8949001189
NCIBLIND10/07-2,-457.8961654709
NCIBLIND10/07-3,-457.8950503495
NCIBLIND10/07-4,-457.8939902222
NCIBLIND10/07-5,-457.8936196269
NCIBLIND10/07-6,-457.8934730074
NCIBLIND10/08-A,-436.5066672999
NCIBLIND10/08-B,-436.5066673001
NCIBLIND10/08-1,-872.9956143942
NCIBLIND10/08-2,-873.0100671027
NCIBLIND10/08-3,-873.0159119913
NCIBLIND10/08-4,-873.0147494709
NCIBLIND10/08-5,-873.0142447956
NCIBLIND10/08-6,-873.0139924855
NCIBLIND10/08-7,-873.0139749185
NCIBLIND10/09-A,-244.8951441392
NCIBLIND10/09-B,-244.8950500079
NCIBLIND10/09-1,-489.7882557415
NCIBLIND10/09-2,-489.7950506705
NCIBLIND10/09-3,-489.7944093416
NCIBLIND10/09-4,-489.792374613
NCIBLIND10/09-5,-489.7914490027
NCIBLIND10/09-6,-489.7909833212
NCIBLIND10/09-7,-489.7907254611
NCIBLIND10/10-A,-76.3963144589
NCIBLIND10/10-B,-76.3963578083
NCIBLIND10/10-1,-152.7806953975
NCIBLIND10/10-2,-152.7978964451
NCIBLIND10/10-3,-152.8005507207
NCIBLIND10/10-4,-152.7995245787
NCIBLIND10/10-5,-152.7979656982
NCIBLIND10/10-6,-152.795944903
NCIBLIND10/10-7,-152.7947840439
NCIBLIND10/10-8,-152.7940900596
NCIBLIND10/10-9,-152.7936718228
NCIBLIND10/10-10,-152.793404216
NCIBLIND10/10-11,-152.7932262781
NCIBLIND10/10-12,-152.7931047802
NCIBLIND10/10-13,-152.7930198609
NCIBLIND10/10-14,-152.7929570516
NCIBLIND10/10-15,-152.7929097273
NCIBLIND10/10-16,-152.7928732495
