system,LC-wPBEh(w=350)/def2-QZVP/Q-Chem
S22x5/01-A,-467.1295532789
S22x5/01-B,-453.9703992086
S22x5/01-0.9,-921.1197030006
S22x5/01-1.0,-921.1217555909
S22x5/01-1.2,-921.1176072707
S22x5/01-1.5,-921.1096887718
S22x5/01-2.0,-921.1033259367
S22x5/02-A,-467.1287659225
S22x5/02-B,-453.9715499543
S22x5/02-0.9,-921.0941560335
S22x5/02-1.0,-921.1044585935
S22x5/02-1.2,-921.1053373427
S22x5/02-1.5,-921.1027853799
S22x5/02-2.0,-921.1012621112
S22x5/03-A,-56.5461066594
S22x5/03-B,-56.5461066594
S22x5/03-0.9,-113.0948284135
S22x5/03-1.0,-113.0961411633
S22x5/03-1.2,-113.0953923615
S22x5/03-1.5,-113.0937920357
S22x5/03-2.0,-113.0927608244
S22x5/04-A,-76.4110852661
S22x5/04-B,-76.4111385526
S22x5/04-0.9,-152.8288624536
S22x5/04-1.0,-152.8297991901
S22x5/04-1.2,-152.8284193801
S22x5/04-1.5,-152.8258410056
S22x5/04-2.0,-152.8237852237
S22x5/05-A,-40.5066024972
S22x5/05-B,-40.5066024972
S22x5/05-0.9,-81.0120904895
S22x5/05-1.0,-81.012985824
S22x5/05-1.2,-81.0131812207
S22x5/05-1.5,-81.0132004713
S22x5/05-2.0,-81.0132040602
S22x5/06-A,-78.5539130367
S22x5/06-B,-78.5539130367
S22x5/06-0.9,-157.1060336202
S22x5/06-1.0,-157.1080747171
S22x5/06-1.2,-157.1081463504
S22x5/06-1.5,-157.1078990084
S22x5/06-2.0,-157.1078313656
S22x5/07-A,-78.5538875012
S22x5/07-B,-77.2872402381
S22x5/07-0.9,-155.8419154259
S22x5/07-1.0,-155.8426035561
S22x5/07-1.2,-155.8423488414
S22x5/07-1.5,-155.8417167173
S22x5/07-2.0,-155.8413221817
S22x5/08-A,-189.6988443642
S22x5/08-B,-189.6988443642
S22x5/08-0.9,-379.4251591961
S22x5/08-1.0,-379.4273994171
S22x5/08-1.2,-379.4218172102
S22x5/08-1.5,-379.4117471274
S22x5/08-2.0,-379.4033243332
S22x5/09-A,-169.8372561309
S22x5/09-B,-169.8372561309
S22x5/09-0.9,-339.6956636702
S22x5/09-1.0,-339.6980055321
S22x5/09-1.2,-339.6942417573
S22x5/09-1.5,-339.6866616987
S22x5/09-2.0,-339.6800385452
S22x5/10-A,-232.1380172026
S22x5/10-B,-76.4109890853
S22x5/10-0.9,-308.5521551308
S22x5/10-1.0,-308.5528532474
S22x5/10-1.2,-308.5521700551
S22x5/10-1.5,-308.5508303857
S22x5/10-2.0,-308.5497692598
S22x5/11-A,-232.1380772186
S22x5/11-B,-56.5460097846
S22x5/11-0.9,-288.684811206
S22x5/11-1.0,-288.6857987404
S22x5/11-1.2,-288.6856586101
S22x5/11-1.5,-288.6849450758
S22x5/11-2.0,-288.684416948
S22x5/12-A,-232.1381267561
S22x5/12-B,-40.5066306235
S22x5/12-0.9,-272.643548321
S22x5/12-1.0,-272.6447603335
S22x5/12-1.2,-272.6451270262
S22x5/12-1.5,-272.6449511665
S22x5/12-2.0,-272.6448055436
S22x5/13-A,-232.138103001
S22x5/13-B,-232.1380838867
S22x5/13-0.9,-464.2748665499
S22x5/13-1.0,-464.2766062157
S22x5/13-1.2,-464.2772477948
S22x5/13-1.5,-464.2767968009
S22x5/13-2.0,-464.2764253709
S22x5/14-A,-232.1380781091
S22x5/14-B,-232.1380781091
S22x5/14-0.9,-464.26649314
S22x5/14-1.0,-464.2733906241
S22x5/14-1.2,-464.2754921208
S22x5/14-1.5,-464.275832799
S22x5/14-2.0,-464.2760162221
S22x5/15-A,-232.1379118462
S22x5/15-B,-363.6553355882
S22x5/15-0.9,-595.7949985083
S22x5/15-1.0,-595.7972129104
S22x5/15-1.2,-595.7976005854
S22x5/15-1.5,-595.7960848737
S22x5/15-2.0,-595.7945689566
S22x5/16-A,-232.1380178179
S22x5/16-B,-363.6553847696
S22x5/16-0.9,-595.7828527004
S22x5/16-1.0,-595.7903362941
S22x5/16-1.2,-595.7928021496
S22x5/16-1.5,-595.7928846875
S22x5/16-2.0,-595.7931370078
S22x5/17-A,-264.1909074734
S22x5/17-B,-264.1908789187
S22x5/17-0.9,-528.3740439027
S22x5/17-1.0,-528.3809458007
S22x5/17-1.2,-528.3826764376
S22x5/17-1.5,-528.3821955911
S22x5/17-2.0,-528.3819218449
S22x5/18-A,-323.3834860874
S22x5/18-B,-303.5207313103
S22x5/18-0.9,-626.9249486473
S22x5/18-1.0,-626.9272262462
S22x5/18-1.2,-626.923297473
S22x5/18-1.5,-626.9154184139
S22x5/18-2.0,-626.9087946874
S22x5/19-A,-307.3410576096
S22x5/19-B,-307.3408646258
S22x5/19-0.9,-614.687155592
S22x5/19-1.0,-614.6884177448
S22x5/19-1.2,-614.6880039628
S22x5/19-1.5,-614.6857246621
S22x5/19-2.0,-614.6836976755
S22x5/20-A,-414.664658584
S22x5/20-B,-414.664658584
S22x5/20-0.9,-829.3268621824
S22x5/20-1.0,-829.334964259
S22x5/20-1.2,-829.3344340894
S22x5/20-1.5,-829.3317262534
S22x5/20-2.0,-829.3301943037
S22x5/21-A,-414.6638902298
S22x5/21-B,-414.6638902298
S22x5/21-0.9,-829.3547009623
S22x5/21-1.0,-829.3571705085
S22x5/21-1.2,-829.3522044683
S22x5/21-1.5,-829.342791628
S22x5/21-2.0,-829.3345164197
S22x5/22-A,-232.1379919888
S22x5/22-B,-93.3742614665
S22x5/22-0.9,-325.5168330816
S22x5/22-1.0,-325.5177782748
S22x5/22-1.2,-325.5169808312
S22x5/22-1.5,-325.5151244922
S22x5/22-2.0,-325.5135321109
S66x8/01-A,-76.4111392419
S66x8/01-B,-76.4110993849
S66x8/01-090,-152.8292512966
S66x8/01-095,-152.8296567155
S66x8/01-100,-152.8296353612
S66x8/01-105,-152.8293582388
S66x8/01-110,-152.8289397472
S66x8/01-125,-152.8274723113
S66x8/01-150,-152.8254792337
S66x8/01-200,-152.8235731344
S66x8/02-A,-76.4111488125
S66x8/02-B,-115.6916070093
S66x8/02-090,-192.1099885098
S66x8/02-095,-192.1105004795
S66x8/02-100,-192.110527397
S66x8/02-105,-192.1102641316
S66x8/02-110,-192.1098359613
S66x8/02-125,-192.1082745834
S66x8/02-150,-192.1061188706
S66x8/02-200,-192.1040866742
S66x8/03-A,-76.4111655071
S66x8/03-B,-95.8323844136
S66x8/03-090,-172.2533496156
S66x8/03-095,-172.2538040857
S66x8/03-100,-172.2537144634
S66x8/03-105,-172.2532964475
S66x8/03-110,-172.2526968165
S66x8/03-125,-172.2505860061
S66x8/03-150,-172.2477192766
S66x8/03-200,-172.2450288887
S66x8/04-A,-76.41116262
S66x8/04-B,-248.4431214065
S66x8/04-090,-324.8650687575
S66x8/04-095,-324.8656270512
S66x8/04-100,-324.8656117433
S66x8/04-105,-324.8652504107
S66x8/04-110,-324.8646867763
S66x8/04-125,-324.8626213985
S66x8/04-150,-324.8595960966
S66x8/04-200,-324.8562402005
S66x8/05-A,-115.6916386094
S66x8/05-B,-115.6916292277
S66x8/05-090,-231.3902840136
S66x8/05-095,-231.3909213255
S66x8/05-100,-231.3910400254
S66x8/05-105,-231.3908444852
S66x8/05-110,-231.3904649603
S66x8/05-125,-231.3889750568
S66x8/05-150,-231.3868349282
S66x8/05-200,-231.3847762022
S66x8/06-A,-115.691395986
S66x8/06-B,-95.832401918
S66x8/06-090,-211.5334383454
S66x8/06-095,-211.5342064858
S66x8/06-100,-211.5342987955
S66x8/06-105,-211.5339845784
S66x8/06-110,-211.5334576218
S66x8/06-125,-211.5314272647
S66x8/06-150,-211.5284826385
S66x8/06-200,-211.525671704
S66x8/07-A,-115.6914898083
S66x8/07-B,-248.4430096879
S66x8/07-090,-364.144790737
S66x8/07-095,-364.1455280071
S66x8/07-100,-364.1456453634
S66x8/07-105,-364.1453808781
S66x8/07-110,-364.1448823903
S66x8/07-125,-364.1428876385
S66x8/07-150,-364.1395084706
S66x8/07-200,-364.1361060967
S66x8/08-A,-115.6916740418
S66x8/08-B,-76.4111049659
S66x8/08-090,-192.1095469622
S66x8/08-095,-192.110066154
S66x8/08-100,-192.1101286512
S66x8/08-105,-192.1099146767
S66x8/08-110,-192.109540781
S66x8/08-125,-192.1081423906
S66x8/08-150,-192.1061709183
S66x8/08-200,-192.1042673076
S66x8/09-A,-95.8323973215
S66x8/09-B,-115.6916874642
S66x8/09-090,-211.5263697044
S66x8/09-095,-211.5269437412
S66x8/09-100,-211.5271589351
S66x8/09-105,-211.5271515659
S66x8/09-110,-211.5270171088
S66x8/09-125,-211.5263760433
S66x8/09-150,-211.5254725027
S66x8/09-200,-211.5246667468
S66x8/10-A,-95.832372401
S66x8/10-B,-95.8323666837
S66x8/10-090,-191.6679238463
S66x8/10-095,-191.6687184912
S66x8/10-100,-191.669008888
S66x8/10-105,-191.6690098881
S66x8/10-110,-191.6688281846
S66x8/10-125,-191.6678894073
S66x8/10-150,-191.6663149473
S66x8/10-200,-191.6652702217
S66x8/11-A,-95.8321657932
S66x8/11-B,-248.4431419747
S66x8/11-090,-344.2794756985
S66x8/11-095,-344.2803841536
S66x8/11-100,-344.2807453496
S66x8/11-105,-344.28078136
S66x8/11-110,-344.2806234792
S66x8/11-125,-344.2790379946
S66x8/11-150,-344.2771598094
S66x8/11-200,-344.2761206058
S66x8/12-A,-95.832362997
S66x8/12-B,-76.4104897186
S66x8/12-090,-172.2532478416
S66x8/12-095,-172.2538612099
S66x8/12-100,-172.2538603377
S66x8/12-105,-172.2534842189
S66x8/12-110,-172.2528995762
S66x8/12-125,-172.2507663029
S66x8/12-150,-172.2478113169
S66x8/12-200,-172.2450367341
S66x8/13-A,-248.4431198188
S66x8/13-B,-115.6916541862
S66x8/13-090,-364.1408450379
S66x8/13-095,-364.1417143503
S66x8/13-100,-364.1420416285
S66x8/13-105,-364.1420213013
S66x8/13-110,-364.1417900543
S66x8/13-125,-364.140597609
S66x8/13-150,-364.1386976932
S66x8/13-200,-364.1366694339
S66x8/14-A,-248.4428751448
S66x8/14-B,-95.8323280992
S66x8/14-090,-344.2830350054
S66x8/14-095,-344.2840004329
S66x8/14-100,-344.2843219915
S66x8/14-105,-344.2842432718
S66x8/14-110,-344.2839232935
S66x8/14-125,-344.2823533334
S66x8/14-150,-344.2798838478
S66x8/14-200,-344.2773311071
S66x8/15-A,-248.4429877354
S66x8/15-B,-248.443116855
S66x8/15-090,-496.8948706534
S66x8/15-095,-496.8958687246
S66x8/15-100,-496.896240046
S66x8/15-105,-496.8961983062
S66x8/15-110,-496.8958909461
S66x8/15-125,-496.89432815
S66x8/15-150,-496.8917504865
S66x8/15-200,-496.8885812929
S66x8/16-A,-248.4432067237
S66x8/16-B,-76.411111758
S66x8/16-090,-324.860396164
S66x8/16-095,-324.8610675086
S66x8/16-100,-324.8612747929
S66x8/16-105,-324.8611842936
S66x8/16-110,-324.8609212406
S66x8/16-125,-324.8597699018
S66x8/16-150,-324.8579944057
S66x8/16-200,-324.8561403126
S66x8/17-A,-414.6640344726
S66x8/17-B,-414.6642285314
S66x8/17-090,-829.3504595822
S66x8/17-095,-829.3521379867
S66x8/17-100,-829.3524651378
S66x8/17-105,-829.3519423819
S66x8/17-110,-829.3509060287
S66x8/17-125,-829.3465779009
S66x8/17-150,-829.3399446454
S66x8/17-200,-829.333092495
S66x8/18-A,-76.4111527113
S66x8/18-B,-248.1668013916
S66x8/18-090,-324.5871182023
S66x8/18-095,-324.5876526602
S66x8/18-100,-324.5876325545
S66x8/18-105,-324.5872737013
S66x8/18-110,-324.5867237284
S66x8/18-125,-324.5847404181
S66x8/18-150,-324.5820124152
S66x8/18-200,-324.5794352392
S66x8/19-A,-115.6914020896
S66x8/19-B,-248.1667951989
S66x8/19-090,-363.8673453866
S66x8/19-095,-363.8681292149
S66x8/19-100,-363.8682815655
S66x8/19-105,-363.8680401818
S66x8/19-110,-363.8672639247
S66x8/19-125,-363.8656612727
S66x8/19-150,-363.8625018796
S66x8/19-200,-363.8597387816
S66x8/20-A,-229.0134123389
S66x8/20-B,-229.0134079153
S66x8/20-090,-458.0554017327
S66x8/20-095,-458.0568652363
S66x8/20-100,-458.0568316037
S66x8/20-105,-458.0558462962
S66x8/20-110,-458.0543165642
S66x8/20-125,-458.0487317267
S66x8/20-150,-458.040510599
S66x8/20-200,-458.0322591527
S66x8/21-A,-209.149108282
S66x8/21-B,-209.1491132947
S66x8/21-090,-418.3201048289
S66x8/21-095,-418.3216006559
S66x8/21-100,-418.3218408222
S66x8/21-105,-418.3213021804
S66x8/21-110,-418.320282785
S66x8/21-125,-418.3161427562
S66x8/21-150,-418.3098954397
S66x8/21-200,-418.3028424004
S66x8/22-A,-229.0133259303
S66x8/22-B,-414.6639457732
S66x8/22-090,-643.7048703463
S66x8/22-095,-643.7064690504
S66x8/22-100,-643.7066324986
S66x8/22-105,-643.7058797413
S66x8/22-110,-643.7045872697
S66x8/22-125,-643.6994689923
S66x8/22-150,-643.6917115012
S66x8/22-200,-643.6835378242
S66x8/23-A,-209.1490179383
S66x8/23-B,-414.6637401669
S66x8/23-090,-623.8389431928
S66x8/23-095,-623.8405809583
S66x8/23-100,-623.8409084572
S66x8/23-105,-623.8403832163
S66x8/23-110,-623.8393303007
S66x8/23-125,-623.8348697879
S66x8/23-150,-623.8277659767
S66x8/23-200,-623.8198867704
S66x8/24-A,-232.138218585
S66x8/24-B,-232.1381288174
S66x8/24-090,-464.266877149
S66x8/24-095,-464.2709621489
S66x8/24-100,-464.2734849834
S66x8/24-105,-464.2747102698
S66x8/24-110,-464.27507353
S66x8/24-125,-464.2756913762
S66x8/24-150,-464.2758287587
S66x8/24-200,-464.2760344619
S66x8/25-A,-248.1667206745
S66x8/25-B,-248.1667667553
S66x8/25-090,-496.3260673434
S66x8/25-095,-496.3299516721
S66x8/25-100,-496.3322130838
S66x8/25-105,-496.333470921
S66x8/25-110,-496.3339090819
S66x8/25-125,-496.3340660541
S66x8/25-150,-496.3337820354
S66x8/25-200,-496.3336122804
S66x8/26-A,-414.664658139
S66x8/26-B,-414.664658139
S66x8/26-090,-829.3291343006
S66x8/26-095,-829.3330701579
S66x8/26-100,-829.3349633708
S66x8/26-105,-829.3356140776
S66x8/26-110,-829.3355731077
S66x8/26-125,-829.3343073025
S66x8/26-150,-829.3321993841
S66x8/26-200,-829.3304737716
S66x8/27-A,-232.1381970927
S66x8/27-B,-248.1667937949
S66x8/27-090,-480.2963979427
S66x8/27-095,-480.3005346503
S66x8/27-100,-480.3030532207
S66x8/27-105,-480.3042921041
S66x8/27-110,-480.3046297763
S66x8/27-125,-480.3049684009
S66x8/27-150,-480.3048542031
S66x8/27-200,-480.3048548124
S66x8/28-A,-232.1379319827
S66x8/28-B,-414.6653025309
S66x8/28-090,-646.7976659636
S66x8/28-095,-646.8012222196
S66x8/28-100,-646.8033624414
S66x8/28-105,-646.8045940685
S66x8/28-110,-646.8048545818
S66x8/28-125,-646.8043928517
S66x8/28-150,-646.8036501387
S66x8/28-200,-646.803258325
S66x8/29-A,-248.166663851
S66x8/29-B,-414.6653215617
S66x8/29-090,-662.8262685985
S66x8/29-095,-662.8313115589
S66x8/29-100,-662.8336747062
S66x8/29-105,-662.834895429
S66x8/29-110,-662.8351499174
S66x8/29-125,-662.8343398792
S66x8/29-150,-662.8331976519
S66x8/29-200,-662.832344023
S66x8/30-A,-232.1381716719
S66x8/30-B,-78.5540182142
S66x8/30-090,-310.6870561503
S66x8/30-095,-310.6890330141
S66x8/30-100,-310.6902848877
S66x8/30-105,-310.6908582011
S66x8/30-110,-310.6910332306
S66x8/30-125,-310.6914935011
S66x8/30-150,-310.6916929865
S66x8/30-200,-310.6919684259
S66x8/31-A,-414.6654226781
S66x8/31-B,-78.553952132
S66x8/31-090,-493.2174565266
S66x8/31-095,-493.2191912113
S66x8/31-100,-493.2201274976
S66x8/31-105,-493.2205335134
S66x8/31-110,-493.2206141183
S66x8/31-125,-493.2204166861
S66x8/31-150,-493.2198903197
S66x8/31-200,-493.2195018152
S66x8/32-A,-414.665539735
S66x8/32-B,-77.2868110975
S66x8/32-090,-491.9512234351
S66x8/32-095,-491.9530138544
S66x8/32-100,-491.9539442809
S66x8/32-105,-491.9542294002
S66x8/32-110,-491.954189076
S66x8/32-125,-491.9536961675
S66x8/32-150,-491.9528498649
S66x8/32-200,-491.9522411596
S66x8/33-A,-248.166838789
S66x8/33-B,-78.5539893318
S66x8/33-090,-326.7168211073
S66x8/33-095,-326.7185512549
S66x8/33-100,-326.7196163083
S66x8/33-105,-326.7201577323
S66x8/33-110,-326.7203320974
S66x8/33-125,-326.7206186673
S66x8/33-150,-326.7206581706
S66x8/33-200,-326.7207730142
S66x8/34-A,-197.7098127437
S66x8/34-B,-197.7098533922
S66x8/34-090,-395.4155270109
S66x8/34-095,-395.4178393738
S66x8/34-100,-395.4190599394
S66x8/34-105,-395.4196403172
S66x8/34-110,-395.4199995113
S66x8/34-125,-395.4202020788
S66x8/34-150,-395.4200887872
S66x8/34-200,-395.4200761696
S66x8/35-A,-197.7098303726
S66x8/35-B,-197.7132832874
S66x8/35-090,-395.419749407
S66x8/35-095,-395.4216019613
S66x8/35-100,-395.4225923046
S66x8/35-105,-395.423031733
S66x8/35-110,-395.423268932
S66x8/35-125,-395.423377154
S66x8/35-150,-395.423298166
S66x8/35-200,-395.423284797
S66x8/36-A,-197.7132852994
S66x8/36-B,-197.7132816433
S66x8/36-090,-395.4241818799
S66x8/36-095,-395.4252818607
S66x8/36-100,-395.4258822121
S66x8/36-105,-395.4261886398
S66x8/36-110,-395.42641925
S66x8/36-125,-395.4265317638
S66x8/36-150,-395.4265487517
S66x8/36-200,-395.4265629369
S66x8/37-A,-196.4966818994
S66x8/37-B,-197.7133258804
S66x8/37-090,-394.2061484222
S66x8/37-095,-394.2080066748
S66x8/37-100,-394.2090363111
S66x8/37-105,-394.2095580256
S66x8/37-110,-394.2098034516
S66x8/37-125,-394.2100566503
S66x8/37-150,-394.2100068898
S66x8/37-200,-394.2099813433
S66x8/38-A,-196.4966251978
S66x8/38-B,-196.4967301741
S66x8/38-090,-392.9894209577
S66x8/38-095,-392.9911871629
S66x8/38-100,-392.9923658347
S66x8/38-105,-392.9929273028
S66x8/38-110,-392.9931662188
S66x8/38-125,-392.9933833771
S66x8/38-150,-392.9933096414
S66x8/38-200,-392.993297338
S66x8/39-A,-232.1381412355
S66x8/39-B,-196.4966026977
S66x8/39-090,-428.630049142
S66x8/39-095,-428.6326844429
S66x8/39-100,-428.6341096521
S66x8/39-105,-428.6348132685
S66x8/39-110,-428.6351132671
S66x8/39-125,-428.6351479478
S66x8/39-150,-428.6348563812
S66x8/39-200,-428.6347032002
S66x8/40-A,-232.1381129215
S66x8/40-B,-197.7131923019
S66x8/40-090,-429.8480337954
S66x8/40-095,-429.8500794621
S66x8/40-100,-429.8512008532
S66x8/40-105,-429.8517200248
S66x8/40-110,-429.8519030402
S66x8/40-125,-429.8519354328
S66x8/40-150,-429.8516705333
S66x8/40-200,-429.8515574092
S66x8/41-A,-414.6653230758
S66x8/41-B,-197.7100081653
S66x8/41-090,-612.3712429601
S66x8/41-095,-612.3737885301
S66x8/41-100,-612.375134253
S66x8/41-105,-612.3757090792
S66x8/41-110,-612.3759936612
S66x8/41-125,-612.3758324462
S66x8/41-150,-612.3754942855
S66x8/41-200,-612.3753364103
S66x8/42-A,-414.6653438035
S66x8/42-B,-196.496569592
S66x8/42-090,-611.1572075962
S66x8/42-095,-611.1598266366
S66x8/42-100,-611.1612184792
S66x8/42-105,-611.1618534707
S66x8/42-110,-611.1621599884
S66x8/42-125,-611.1622282545
S66x8/42-150,-611.1620010166
S66x8/42-200,-611.1618962674
S66x8/43-A,-414.6654434155
S66x8/43-B,-197.7132891583
S66x8/43-090,-612.3755892101
S66x8/43-095,-612.3776873205
S66x8/43-100,-612.3787249858
S66x8/43-105,-612.3791633526
S66x8/43-110,-612.379333076
S66x8/43-125,-612.3791790022
S66x8/43-150,-612.3788144426
S66x8/43-200,-612.3785811074
S66x8/44-A,-78.5540109088
S66x8/44-B,-197.7098306004
S66x8/44-090,-276.2620898924
S66x8/44-095,-276.2631938402
S66x8/44-100,-276.2637266192
S66x8/44-105,-276.2639590859
S66x8/44-110,-276.2641275924
S66x8/44-125,-276.2641302314
S66x8/44-150,-276.2640665722
S66x8/44-200,-276.2640395211
S66x8/45-A,-77.2868308514
S66x8/45-B,-197.7099200894
S66x8/45-090,-274.9942669264
S66x8/45-095,-274.9956376926
S66x8/45-100,-274.9962990459
S66x8/45-105,-274.996635607
S66x8/45-110,-274.9968220468
S66x8/45-125,-274.9968214056
S66x8/45-150,-274.9966800904
S66x8/45-200,-274.9965388795
S66x8/46-A,-248.4432937112
S66x8/46-B,-197.7099232818
S66x8/46-090,-446.1509524629
S66x8/46-095,-446.1525447622
S66x8/46-100,-446.1534140237
S66x8/46-105,-446.1538387751
S66x8/46-110,-446.1540478026
S66x8/46-125,-446.1540270623
S66x8/46-150,-446.1536159521
S66x8/46-200,-446.1533549338
S66x8/47-A,-232.1380849248
S66x8/47-B,-232.1378577981
S66x8/47-090,-464.273403814
S66x8/47-095,-464.2754672578
S66x8/47-100,-464.2764912199
S66x8/47-105,-464.2769745236
S66x8/47-110,-464.2771506234
S66x8/47-125,-464.2769978311
S66x8/47-150,-464.2765925109
S66x8/47-200,-464.2762912306
S66x8/48-A,-248.1667076128
S66x8/48-B,-248.1666325796
S66x8/48-090,-496.3320962531
S66x8/48-095,-496.333855205
S66x8/48-100,-496.3347553233
S66x8/48-105,-496.3351665781
S66x8/48-110,-496.3352765342
S66x8/48-125,-496.3349927651
S66x8/48-150,-496.3343494482
S66x8/48-200,-496.333783579
S66x8/49-A,-232.138081861
S66x8/49-B,-248.1667231026
S66x8/49-090,-480.3028556267
S66x8/49-095,-480.3049187965
S66x8/49-100,-480.3059152138
S66x8/49-105,-480.3063469955
S66x8/49-110,-480.3064708868
S66x8/49-125,-480.3061410017
S66x8/49-150,-480.3055462527
S66x8/49-200,-480.3050450555
S66x8/50-A,-232.1380650202
S66x8/50-B,-77.2869207858
S66x8/50-090,-309.4249644867
S66x8/50-095,-309.4263654315
S66x8/50-100,-309.4269315316
S66x8/50-105,-309.4270893775
S66x8/50-110,-309.4270179194
S66x8/50-125,-309.4264029532
S66x8/50-150,-309.4255896057
S66x8/50-200,-309.4249622514
S66x8/51-A,-77.2868490229
S66x8/51-B,-77.2869414028
S66x8/51-090,-154.5745315449
S66x8/51-095,-154.5750413501
S66x8/51-100,-154.575235291
S66x8/51-105,-154.5752511631
S66x8/51-110,-154.57516652
S66x8/51-125,-154.5747644779
S66x8/51-150,-154.5742497855
S66x8/51-200,-154.5738628557
S66x8/52-A,-232.1380654129
S66x8/52-B,-229.0154035824
S66x8/52-090,-461.1562487512
S66x8/52-095,-461.1574511059
S66x8/52-100,-461.1579052885
S66x8/52-105,-461.1579379011
S66x8/52-110,-461.1577500718
S66x8/52-125,-461.1566989082
S66x8/52-150,-461.1552741751
S66x8/52-200,-461.1540331406
S66x8/53-A,-232.138082799
S66x8/53-B,-209.1501630977
S66x8/53-090,-441.2904409859
S66x8/53-095,-441.2915080543
S66x8/53-100,-441.2919648776
S66x8/53-105,-441.2920507724
S66x8/53-110,-441.2919338772
S66x8/53-125,-441.2911658193
S66x8/53-150,-441.2898613321
S66x8/53-200,-441.2886233506
S66x8/54-A,-232.1380338465
S66x8/54-B,-76.4110381014
S66x8/54-090,-308.5518114009
S66x8/54-095,-308.5526145796
S66x8/54-100,-308.5528530775
S66x8/54-105,-308.5527851412
S66x8/54-110,-308.5525731243
S66x8/54-125,-308.5517209745
S66x8/54-150,-308.5506142988
S66x8/54-200,-308.5496369403
S66x8/55-A,-232.1379884507
S66x8/55-B,-115.691722812
S66x8/55-090,-347.831192994
S66x8/55-095,-347.832481419
S66x8/55-100,-347.833088077
S66x8/55-105,-347.8332709053
S66x8/55-110,-347.8331846489
S66x8/55-125,-347.83247423
S66x8/55-150,-347.8313537655
S66x8/55-200,-347.8303305867
S66x8/56-A,-232.1380805165
S66x8/56-B,-95.832394771
S66x8/56-090,-327.9698247142
S66x8/56-095,-327.9711795785
S66x8/56-100,-327.9718946609
S66x8/56-105,-327.97221055
S66x8/56-110,-327.9722338311
S66x8/56-125,-327.971854827
S66x8/56-150,-327.971213776
S66x8/56-200,-327.9707010816
S66x8/57-A,-232.1379898323
S66x8/57-B,-248.4432558904
S66x8/57-090,-480.5808339613
S66x8/57-095,-480.5833753457
S66x8/57-100,-480.5845488706
S66x8/57-105,-480.5849486119
S66x8/57-110,-480.5849461335
S66x8/57-125,-480.5842145818
S66x8/57-150,-480.582982955
S66x8/57-200,-480.5819499175
S66x8/58-A,-248.1666697742
S66x8/58-B,-248.1665886844
S66x8/58-090,-496.3342636566
S66x8/58-095,-496.3360746629
S66x8/58-100,-496.3370048808
S66x8/58-105,-496.3370161664
S66x8/58-110,-496.3366866347
S66x8/58-125,-496.3355285768
S66x8/58-150,-496.3343585906
S66x8/58-200,-496.333581803
S66x8/59-A,-77.2870062567
S66x8/59-B,-76.4111056096
S66x8/59-090,-153.701513226
S66x8/59-095,-153.7019661967
S66x8/59-100,-153.7020742273
S66x8/59-105,-153.7019866067
S66x8/59-110,-153.7017860185
S66x8/59-125,-153.7009505627
S66x8/59-150,-153.6997963511
S66x8/59-200,-153.6987143463
S66x8/60-A,-77.286823714
S66x8/60-B,-229.0153694831
S66x8/60-090,-306.3076156907
S66x8/60-095,-306.3083433394
S66x8/60-100,-306.30847356
S66x8/60-105,-306.3082474394
S66x8/60-110,-306.3078411842
S66x8/60-125,-306.3063340521
S66x8/60-150,-306.3043962268
S66x8/60-200,-306.302807447
S66x8/61-A,-197.7099299502
S66x8/61-B,-229.0154960712
S66x8/61-090,-426.723953753
S66x8/61-095,-426.724860096
S66x8/61-100,-426.7253818969
S66x8/61-105,-426.7256813938
S66x8/61-110,-426.7258602895
S66x8/61-125,-426.7258633646
S66x8/61-150,-426.7256287138
S66x8/61-200,-426.725489815
S66x8/62-A,-197.7099285243
S66x8/62-B,-209.1502050388
S66x8/62-090,-406.8586158287
S66x8/62-095,-406.8598471927
S66x8/62-100,-406.8604906152
S66x8/62-105,-406.8608503794
S66x8/62-110,-406.8610142092
S66x8/62-125,-406.860880874
S66x8/62-150,-406.8605144139
S66x8/62-200,-406.860235124
S66x8/63-A,-232.1381602784
S66x8/63-B,-229.0154177524
S66x8/63-090,-461.1519570256
S66x8/63-095,-461.1538736452
S66x8/63-100,-461.1548180173
S66x8/63-105,-461.1552417973
S66x8/63-110,-461.155294637
S66x8/63-125,-461.1548796728
S66x8/63-150,-461.1541638558
S66x8/63-200,-461.1536564073
S66x8/64-A,-248.4432663979
S66x8/64-B,-78.5540975177
S66x8/64-090,-326.9971263927
S66x8/64-095,-326.9981273185
S66x8/64-100,-326.9986415101
S66x8/64-105,-326.9988242831
S66x8/64-110,-326.9988357243
S66x8/64-125,-326.9985345479
S66x8/64-150,-326.9979051294
S66x8/64-200,-326.9974038115
S66x8/65-A,-248.166796632
S66x8/65-B,-77.2861566881
S66x8/65-090,-325.4579483529
S66x8/65-095,-325.4585378419
S66x8/65-100,-325.458701062
S66x8/65-105,-325.4586087498
S66x8/65-110,-325.4583643728
S66x8/65-125,-325.4573322819
S66x8/65-150,-325.4558623489
S66x8/65-200,-325.4545500058
S66x8/66-A,-95.8324083727
S66x8/66-B,-248.1667579639
S66x8/66-090,-343.9998516129
S66x8/66-095,-344.0009352305
S66x8/66-100,-344.001491685
S66x8/66-105,-344.0017085604
S66x8/66-110,-344.0017214509
S66x8/66-125,-344.0012725566
S66x8/66-150,-344.000411392
S66x8/66-200,-343.9995980549
NCIBLIND10/01-A,-232.1347030714
NCIBLIND10/01-B,-40.506138746
NCIBLIND10/01-1,-272.6377721734
NCIBLIND10/01-2,-272.6410445127
NCIBLIND10/01-3,-272.6410703762
NCIBLIND10/01-4,-272.6409315678
NCIBLIND10/01-5,-272.6408790263
NCIBLIND10/01-6,-272.6408590412
NCIBLIND10/01-7,-272.6408506474
NCIBLIND10/02-A,-232.1370960319
NCIBLIND10/02-B,-76.4106693129
NCIBLIND10/02-1,-308.5381271126
NCIBLIND10/02-2,-308.5504387486
NCIBLIND10/02-3,-308.5511196558
NCIBLIND10/02-4,-308.5502389701
NCIBLIND10/02-5,-308.5494621413
NCIBLIND10/02-6,-308.5489505479
NCIBLIND10/02-7,-308.548376307
NCIBLIND10/02-8,-308.5481175033
NCIBLIND10/02-9,-308.5479847058
NCIBLIND10/03-A,-154.9969565394
NCIBLIND10/03-B,-154.9968780479
NCIBLIND10/03-1,-309.9917618433
NCIBLIND10/03-2,-309.9948718353
NCIBLIND10/03-3,-309.9948573345
NCIBLIND10/03-4,-309.9942582376
NCIBLIND10/03-5,-309.9940438053
NCIBLIND10/03-6,-309.9939545812
NCIBLIND10/03-7,-309.993912487
NCIBLIND10/04-A,-599.2817030652
NCIBLIND10/04-B,-599.2830233064
NCIBLIND10/04-1,-1198.5651819316
NCIBLIND10/04-2,-1198.5730151085
NCIBLIND10/04-3,-1198.5733262853
NCIBLIND10/04-4,-1198.5696246329
NCIBLIND10/04-5,-1198.567593067
NCIBLIND10/04-6,-1198.5664539168
NCIBLIND10/04-7,-1198.5657696531
NCIBLIND10/04-8,-1198.5653636004
NCIBLIND10/05-A,-598.0976305886
NCIBLIND10/05-B,-598.0976521689
NCIBLIND10/05-1,-1196.2086623444
NCIBLIND10/05-2,-1196.211540362
NCIBLIND10/05-3,-1196.2065670694
NCIBLIND10/05-4,-1196.2020592024
NCIBLIND10/05-5,-1196.1997667922
NCIBLIND10/05-6,-1196.1984422611
NCIBLIND10/06-A,-226.1225084839
NCIBLIND10/06-B,-226.1237554877
NCIBLIND10/06-1,-452.2544996913
NCIBLIND10/06-2,-452.2606899554
NCIBLIND10/06-3,-452.2540976059
NCIBLIND10/06-4,-452.2500205142
NCIBLIND10/06-5,-452.2483726662
NCIBLIND10/06-6,-452.2475773204
NCIBLIND10/06-7,-452.2471445436
NCIBLIND10/07-A,-228.9835916232
NCIBLIND10/07-B,-228.9841016645
NCIBLIND10/07-1,-457.9694260419
NCIBLIND10/07-2,-457.9706581198
NCIBLIND10/07-3,-457.969434652
NCIBLIND10/07-4,-457.9683665006
NCIBLIND10/07-5,-457.9679813208
NCIBLIND10/07-6,-457.9678242948
NCIBLIND10/08-A,-436.5571864062
NCIBLIND10/08-B,-436.5571864062
NCIBLIND10/08-1,-873.0984358497
NCIBLIND10/08-2,-873.1122246983
NCIBLIND10/08-3,-873.1169413978
NCIBLIND10/08-4,-873.1157847927
NCIBLIND10/08-5,-873.115306511
NCIBLIND10/08-6,-873.115051925
NCIBLIND10/08-7,-873.115080157
NCIBLIND10/09-A,-244.9241474203
NCIBLIND10/09-B,-244.9240358952
NCIBLIND10/09-1,-489.847154136
NCIBLIND10/09-2,-489.8535758522
NCIBLIND10/09-3,-489.8525092215
NCIBLIND10/09-4,-489.8504598702
NCIBLIND10/09-5,-489.8495103625
NCIBLIND10/09-6,-489.8490220309
NCIBLIND10/09-7,-489.8487486844
NCIBLIND10/10-A,-76.4109486689
NCIBLIND10/10-B,-76.4111400837
NCIBLIND10/10-1,-152.8097381435
NCIBLIND10/10-2,-152.8269831351
NCIBLIND10/10-3,-152.8297130197
NCIBLIND10/10-4,-152.8287774053
NCIBLIND10/10-5,-152.8272927064
NCIBLIND10/10-6,-152.825346473
NCIBLIND10/10-7,-152.8241017307
NCIBLIND10/10-8,-152.8234173265
NCIBLIND10/10-9,-152.8229993314
NCIBLIND10/10-10,-152.8227296108
NCIBLIND10/10-11,-152.8225490459
NCIBLIND10/10-12,-152.8224247261
NCIBLIND10/10-13,-152.8223371196
NCIBLIND10/10-14,-152.8222720451
NCIBLIND10/10-15,-152.8222229112
NCIBLIND10/10-16,-152.8221850178
